s,o
https://dblp.org/pid/72/3776,
https://dblp.org/pid/122/1112-2,?
https://dblp.org/pid/12/1984,IETF
https://dblp.org/pid/161/4074,University of Cambridge
https://dblp.org/pid/f/FelixAFischer,University of Cambridge
https://dblp.org/pid/90/3588-1,University of Cambridge
https://dblp.org/pid/73/10322,none
https://dblp.org/pid/11/5007-2,unknown
https://dblp.org/pid/275/4204-4,unknown
https://dblp.org/pid/67/3746-3,unknown
https://dblp.org/pid/47/1617-2,unknown
https://dblp.org/pid/74/10222-2,unknown
https://dblp.org/pid/28/3772-2,unknown
https://dblp.org/pid/67/3746-2,unknown
https://dblp.org/pid/l/PeterLee4,University of Oxford
https://dblp.org/pid/14/4905,University of Oxford
https://dblp.org/pid/67/941,University of Oxford
https://dblp.org/pid/t/PhilipHSTorr,University of Oxford
https://dblp.org/pid/133/2000,University of Oxford
https://dblp.org/pid/99/4424,IST
https://dblp.org/pid/13/8535,SAS
https://dblp.org/pid/67/2134-2,London- UK
https://dblp.org/pid/97/1437,ORF
https://dblp.org/pid/25/5712-4,University of California- Berkeley
https://dblp.org/pid/64/6025-24,University of California- Berkeley
https://dblp.org/pid/44/3684-13,University of California- Berkeley
https://dblp.org/pid/181/2321,University of California- Berkeley
https://dblp.org/pid/19/1504,University of California- Berkeley
https://dblp.org/pid/97/11395,University of California- Berkeley
https://dblp.org/pid/98/3590-5,University of California- Berkeley
https://dblp.org/pid/d/TrevorDarrell,University of California- Berkeley
https://dblp.org/pid/02/10311,University of California- Berkeley
https://dblp.org/pid/41/3979-3,University of California- Berkeley
https://dblp.org/pid/w/YiqiaoWang,University of Toronto
https://dblp.org/pid/89/8873,University of Toronto
https://dblp.org/pid/75/4752-2,University of Toronto
https://dblp.org/pid/32/5151-3,University of Toronto
https://dblp.org/pid/95/9508-1,University of Toronto
https://dblp.org/pid/118/8979,University of Toronto
https://dblp.org/pid/161/2618,ARM
https://dblp.org/pid/48/3180-2,GM
https://dblp.org/pid/24/3185-5,AMD
https://dblp.org/pid/181/1844-1,Columbia University
https://dblp.org/pid/s/AnsafSalleb,Columbia University
https://dblp.org/pid/13/2703,San Jose State University
https://dblp.org/pid/30/4954-3,San Jose State University
https://dblp.org/pid/39/4772-1,San Jose State University
https://dblp.org/pid/c/MosesCharikar,Princeton University
https://dblp.org/pid/157/6559,Princeton University
https://dblp.org/pid/78/1635,Princeton University
https://dblp.org/pid/81/4937-2,Princeton University
https://dblp.org/pid/98/2846,Princeton University
https://dblp.org/pid/72/2334,Princeton University
https://dblp.org/pid/j/KyleJamieson,Princeton University
https://dblp.org/pid/41/7532,Princeton University
https://dblp.org/pid/w/LeiWang26,University of Minnesota
https://dblp.org/pid/z/NanZhang11,University of Minnesota
https://dblp.org/pid/70/3713,University of Minnesota
https://dblp.org/pid/64/1134-2,University of Minnesota
https://dblp.org/pid/153/7456,University of Minnesota
https://dblp.org/pid/96/6185-1,University of Minnesota
https://dblp.org/pid/39/721-8,University of Minnesota
https://dblp.org/pid/04/3557,University of Southern Mississippi
https://dblp.org/pid/53/6497,University of South Carolina
https://dblp.org/pid/c/KennethWardChurch,Johns Hopkins University
https://dblp.org/pid/14/4758,Johns Hopkins University
https://dblp.org/pid/01/99,Johns Hopkins University
https://dblp.org/pid/19/360-14,Johns Hopkins University
https://dblp.org/pid/s/StevenSalzberg,Johns Hopkins University
https://dblp.org/pid/q/YanQi3,Johns Hopkins University
https://dblp.org/pid/c/LeiChen0012,Johns Hopkins University
https://dblp.org/pid/92/2442-d2,Johns Hopkins University
https://dblp.org/pid/126/6311,Johns Hopkins University
https://dblp.org/pid/130/8671-2,ABB
https://dblp.org/pid/167/5454,KIT
https://dblp.org/pid/52/6717,KIT
https://dblp.org/pid/61/104-2,NEC
https://dblp.org/pid/77/2750-1,NEC
https://dblp.org/pid/44/1339-3,University of Arkansas
https://dblp.org/pid/89/6512-1,Dell
https://dblp.org/pid/12/1198-5,University of Massachusetts
https://dblp.org/pid/44/1482,Louisiana State University
https://dblp.org/pid/03/6207,New York University
https://dblp.org/pid/122/8658,New York University
https://dblp.org/pid/79/1695-1,New York University
https://dblp.org/pid/67/1567,Rensselaer Polytechnic Institute
https://dblp.org/pid/21/356,Rensselaer Polytechnic Institute
https://dblp.org/pid/53/2789,Rensselaer Polytechnic Institute
https://dblp.org/pid/47/1309-2,SAP
https://dblp.org/pid/85/2521,SAP
https://dblp.org/pid/94/2836-1,SAP
https://dblp.org/pid/39/3861-17,SAP
https://dblp.org/pid/12/1312,SAP
https://dblp.org/pid/89/5992-8,Eastern Michigan University
https://dblp.org/pid/11/2061,Eastern Michigan University
https://dblp.org/pid/64/5666-23,CAS
https://dblp.org/pid/00/5721-1,IBM
https://dblp.org/pid/00/8321,IBM
https://dblp.org/pid/89/5693,IBM
https://dblp.org/pid/45/4989,IBM
https://dblp.org/pid/53/3223,IBM
https://dblp.org/pid/96/23-1,IBM
https://dblp.org/pid/93/96-1,IBM
https://dblp.org/pid/35/1922-3,IBM
https://dblp.org/pid/75/6468,IBM
https://dblp.org/pid/66/3061-4,IBM
https://dblp.org/pid/44/1339-2,IBM
https://dblp.org/pid/84/1890,IBM
https://dblp.org/pid/32/6979,IBM
https://dblp.org/pid/58/6510,IBM
https://dblp.org/pid/57/2387,IBM
https://dblp.org/pid/19/2301,IBM
https://dblp.org/pid/15/4208-1,IBM
https://dblp.org/pid/69/4401,IBM
https://dblp.org/pid/n/TonAnhNgo,IBM
https://dblp.org/pid/72/4910,IBM
https://dblp.org/pid/72/6008-2,IBM
https://dblp.org/pid/50/2811,IBM
https://dblp.org/pid/v/BertVanderLinden,IBM
https://dblp.org/pid/17/6079-2,IBM
https://dblp.org/pid/40/4679-2,IBM
https://dblp.org/pid/g/DanGutfreund,IBM
https://dblp.org/pid/b/EricWBrown1,IBM
https://dblp.org/pid/b/KenBarker2,IBM
https://dblp.org/pid/93/6458,IBM
https://dblp.org/pid/28/980,IBM
https://dblp.org/pid/81/606,IBM
https://dblp.org/pid/r/JormaRissanen,IBM
https://dblp.org/pid/183/2438,IBM
https://dblp.org/pid/04/4141,IBM
https://dblp.org/pid/41/3167,IBM
https://dblp.org/pid/86/833,Los Alamos National Laboratory
https://dblp.org/pid/00/1679,Los Alamos National Laboratory
https://dblp.org/pid/61/1001,Los Alamos National Laboratory
https://dblp.org/pid/23/8570-1,University of Wisconsin-Milwaukee
https://dblp.org/pid/28/1215,University of Wisconsin-Milwaukee
https://dblp.org/pid/52/796,MIT
https://dblp.org/pid/182/1952,MIT
https://dblp.org/pid/29/3191-2,MIT
https://dblp.org/pid/r/MartinCRinard,MIT
https://dblp.org/pid/88/6355,MIT
https://dblp.org/pid/d/ConstantinosDaskalakis,MIT
https://dblp.org/pid/62/8636,MIT
https://dblp.org/pid/69/7254,MIT
https://dblp.org/pid/63/8319,MIT
https://dblp.org/pid/48/6542,MIT
https://dblp.org/pid/147/1198,MIT
https://dblp.org/pid/21/3400-1,MIT
https://dblp.org/pid/71/9428,MIT
https://dblp.org/pid/71/993,MIT
https://dblp.org/pid/92/8226,MIT
https://dblp.org/pid/36/4400,MIT
https://dblp.org/pid/28/8663,MIT
https://dblp.org/pid/88/7260,MIT
https://dblp.org/pid/12/5469-2,MIT
https://dblp.org/pid/94/8485-2,DLR
https://dblp.org/pid/b/MBreunig,DLR
https://dblp.org/pid/f/BorkoFurht,Florida Atlantic University
https://dblp.org/pid/m/RussellAMartin,University of Liverpool
https://dblp.org/pid/45/661-5,University of Liverpool
https://dblp.org/pid/02/32,University of Liverpool
https://dblp.org/pid/14/1571-1,University of Liverpool
https://dblp.org/pid/43/6109,University of Liverpool
https://dblp.org/pid/57/4020,University of Liverpool
https://dblp.org/pid/05/11403-2,Vanderbilt University
https://dblp.org/pid/r/MichaelSRyoo,Indiana University
https://dblp.org/pid/70/5373,Indiana University
https://dblp.org/pid/75/4593,Indiana University
https://dblp.org/pid/10/1641,Indiana University
https://dblp.org/pid/27/7017-6,Florida State University
https://dblp.org/pid/66/3108,Pennsylvania State University
https://dblp.org/pid/h/JianHuang,Pennsylvania State University
https://dblp.org/pid/21/3512,Pennsylvania State University
https://dblp.org/pid/98/3590-2,Pennsylvania State University
https://dblp.org/pid/d/PJDenning,Naval Postgraduate School
https://dblp.org/pid/49/2551,Oak Ridge National Laboratory
https://dblp.org/pid/12/9032-1,Oak Ridge National Laboratory
https://dblp.org/pid/22/3468-5,Oak Ridge National Laboratory
https://dblp.org/pid/c/ArielCohen2,NYU
https://dblp.org/pid/00/6421,North Dakota State University
https://dblp.org/pid/61/2029-10,North Dakota State University
https://dblp.org/pid/m/LarissaMeinicke,University of Queensland
https://dblp.org/pid/97/3391-1,University of Queensland
https://dblp.org/pid/66/3387-4,University of Queensland
https://dblp.org/pid/39/721-10,University of Queensland
https://dblp.org/pid/86/475-8,University of Sydney
https://dblp.org/pid/75/78,University of Sydney
https://dblp.org/pid/62/6556,University of Sydney
https://dblp.org/pid/66/3061-7,University of Sydney
https://dblp.org/pid/26/7381,University of Sydney
https://dblp.org/pid/50/3402-21,Auburn University
https://dblp.org/pid/50/5154-4,Auburn University
https://dblp.org/pid/68/2901,Auburn University
https://dblp.org/pid/92/903-2,Auburn University
https://dblp.org/pid/49/2799,University of Wyoming
https://dblp.org/pid/188/5682,BMW
https://dblp.org/pid/29/2362-2,Arizona State University
https://dblp.org/pid/34/846-2,Arizona State University
https://dblp.org/pid/129/1994,Arizona State University
https://dblp.org/pid/136/5109,Arizona State University
https://dblp.org/pid/91/5398,Arizona State University
https://dblp.org/pid/49/7905,Arizona State University
https://dblp.org/pid/58/1757,Arizona State University
https://dblp.org/pid/28/8280,Arizona State University
https://dblp.org/pid/48/5685,Arizona State University
https://dblp.org/pid/39/6301-8,Arizona State University
https://dblp.org/pid/99/10654,Washington State University
https://dblp.org/pid/70/3982-1,CMU
https://dblp.org/pid/39/11537-2,CMU
https://dblp.org/pid/145/8541-2,Microsoft
https://dblp.org/pid/w/JunWang11,Microsoft
https://dblp.org/pid/w/LeiWang33,Microsoft
https://dblp.org/pid/43/808,Microsoft
https://dblp.org/pid/27/3594-2,Microsoft
https://dblp.org/pid/52/1800-6,Microsoft
https://dblp.org/pid/161/6009,Microsoft
https://dblp.org/pid/a/OmarAlonso,Microsoft
https://dblp.org/pid/c/SurajitChaudhuri,Microsoft
https://dblp.org/pid/l/PALarson,Microsoft
https://dblp.org/pid/279/6349,Microsoft
https://dblp.org/pid/r/GGRobertson,Microsoft
https://dblp.org/pid/r/RichardFRashid,Microsoft
https://dblp.org/pid/08/3571-2,Microsoft
https://dblp.org/pid/60/11151,Microsoft
https://dblp.org/pid/w/LeiWang21,Microsoft
https://dblp.org/pid/75/7583-2,Microsoft
https://dblp.org/pid/13/1228,Microsoft
https://dblp.org/pid/j/MichaelBJones,Microsoft
https://dblp.org/pid/49/3283-34,Microsoft
https://dblp.org/pid/122/6337,Microsoft
https://dblp.org/pid/24/8510,Microsoft
https://dblp.org/pid/213/5895,Microsoft
https://dblp.org/pid/56/1716,Microsoft
https://dblp.org/pid/65/4124-10,Microsoft
https://dblp.org/pid/g/AlbertGGreenberg,Microsoft
https://dblp.org/pid/g/BillGates,Microsoft
https://dblp.org/pid/74/4923,Microsoft
https://dblp.org/pid/b/GBell,Microsoft
https://dblp.org/pid/b/TomBarclay,Microsoft
https://dblp.org/pid/304/3525,Microsoft
https://dblp.org/pid/39/228-1,Microsoft
https://dblp.org/pid/39/4296,Microsoft
https://dblp.org/pid/12/1499-7,Microsoft
https://dblp.org/pid/06/4938-1,Microsoft
https://dblp.org/pid/06/915,Microsoft
https://dblp.org/pid/14/2726,Elsevier
https://dblp.org/pid/88/1336,Andhra University
https://dblp.org/pid/00/10545,Stanford University
https://dblp.org/pid/45/5819-1,Stanford University
https://dblp.org/pid/47/8135,Stanford University
https://dblp.org/pid/182/2122,Stanford University
https://dblp.org/pid/34/2029,Stanford University
https://dblp.org/pid/48/4613,Stanford University
https://dblp.org/pid/41/439,Stanford University
https://dblp.org/pid/29/986-6,Stanford University
https://dblp.org/pid/05/424,Stanford University
https://dblp.org/pid/70/1420,Stanford University
https://dblp.org/pid/181/5945,Stanford University
https://dblp.org/pid/129/7529,Stanford University
https://dblp.org/pid/154/6336,Stanford University
https://dblp.org/pid/s/JunSun3,Stanford University
https://dblp.org/pid/11/10308,Stanford University
https://dblp.org/pid/148/2252,Stanford University
https://dblp.org/pid/77/10202-2,Stanford University
https://dblp.org/pid/92/5517,Stanford University
https://dblp.org/pid/38/7225,Stanford University
https://dblp.org/pid/132/3907,Stanford University
https://dblp.org/pid/26/6661,Stanford University
https://dblp.org/pid/06/6420-2,Stanford University
https://dblp.org/pid/149/1202,Stanford University
https://dblp.org/pid/63/8171-4,Paris- France
https://dblp.org/pid/62/3689-12,The University of Texas at Austin
https://dblp.org/pid/13/5236-5,Arkansas State University
https://dblp.org/pid/a/ShlomoArgamon,Illinois Institute of Technology
https://dblp.org/pid/s/MiaoSong4,Illinois Institute of Technology
https://dblp.org/pid/52/1894-2,Iowa State University of Science and Technology
https://dblp.org/pid/59/6384,Ohio University
https://dblp.org/pid/09/1365-13,Temple University
https://dblp.org/pid/53/2189-19,University of Alabama
https://dblp.org/pid/c/JeffreyCCarver,University of Alabama
https://dblp.org/pid/51/4015-8,Utah State University
https://dblp.org/pid/d/CEDyreson,Utah State University
https://dblp.org/pid/22/8024,Utah State University
https://dblp.org/pid/22/8733,University of Tartu
https://dblp.org/pid/46/999-18,Texas Tech University
https://dblp.org/pid/05/6736,Texas Tech University
https://dblp.org/pid/38/10688-2,Texas Tech University
https://dblp.org/pid/52/5308-3,Chinese Academy of Sciences
https://dblp.org/pid/07/6728-3,Chinese Academy of Sciences
https://dblp.org/pid/09/5042-5,Harbin Engineering University
https://dblp.org/pid/141/8897,University of Delhi
https://dblp.org/pid/27/7270,Royal Holloway- University of London
https://dblp.org/pid/09/8464-1,Royal Holloway- University of London
https://dblp.org/pid/184/6051,Royal Holloway- University of London
https://dblp.org/pid/16/8675-4,Texas A&M University
https://dblp.org/pid/55/3697,Texas A&M University
https://dblp.org/pid/92/1305-2,Texas A&M University
https://dblp.org/pid/90/3909,Texas A&M University
https://dblp.org/pid/41/11358,Texas A&M University
https://dblp.org/pid/56/4341,University of Edinburgh
https://dblp.org/pid/70/1220-13,University of Edinburgh
https://dblp.org/pid/47/3905,University of Edinburgh
https://dblp.org/pid/130/6547,University of Edinburgh
https://dblp.org/pid/71/2142,University of Edinburgh
https://dblp.org/pid/04/5629,University of Edinburgh
https://dblp.org/pid/24/1972,University of Edinburgh
https://dblp.org/pid/45/780-2,National Institutes of Health
https://dblp.org/pid/23/1587,PARC
https://dblp.org/pid/43/3166-16,University of Kansas
https://dblp.org/pid/98/2199,University of Kansas
https://dblp.org/pid/35/5562-1,University of Kansas
https://dblp.org/pid/14/6061,University of North Carolina at Chapel Hill
https://dblp.org/pid/99/4916-4,University of North Carolina at Chapel Hill
https://dblp.org/pid/50/6700,University of North Carolina at Chapel Hill
https://dblp.org/pid/39/5688,CWI
https://dblp.org/pid/59/3064,Apple
https://dblp.org/pid/63/1908,Apple
https://dblp.org/pid/02/2354,Apple
https://dblp.org/pid/50/2632,Apple
https://dblp.org/pid/132/7797,Apple
https://dblp.org/pid/09/3580-1,Apple
https://dblp.org/pid/73/4452-7,Apple
https://dblp.org/pid/67/4883-3,Apple
https://dblp.org/pid/66/6078-1,University of Leicester
https://dblp.org/pid/21/9897,University of Leicester
https://dblp.org/pid/54/778,University of Leicester
https://dblp.org/pid/04/5072-5,Cornell University Library
https://dblp.org/pid/42/815,University of California- Riverside
https://dblp.org/pid/34/9991,University of California- Riverside
https://dblp.org/pid/r/KKRamakrishnan,University of California- Riverside
https://dblp.org/pid/30/4954-1,University of California- Riverside
https://dblp.org/pid/67/6649-10,University of California- Riverside
https://dblp.org/pid/34/6522-2,University of California- Riverside
https://dblp.org/pid/33/2980,University of Tasmania
https://dblp.org/pid/171/1489,University of Tasmania
https://dblp.org/pid/33/5763-1,University of California- Los Angeles
https://dblp.org/pid/92/1681,University of California- Los Angeles
https://dblp.org/pid/z/NanZhang5,University of Central Florida
https://dblp.org/pid/89/2560-6,University of Central Florida
https://dblp.org/pid/99/4916-3,University of Central Florida
https://dblp.org/pid/92/3070-3,University of Central Florida
https://dblp.org/pid/58/2891,University of Central Florida
https://dblp.org/pid/52/6282,University of Central Florida
https://dblp.org/pid/64/1350-25,University of Missouri
https://dblp.org/pid/51/7239,CERN
https://dblp.org/pid/01/5511-3,University of Puerto Rico
https://dblp.org/pid/67/2030-10,University of Puerto Rico
https://dblp.org/pid/40/1352,University of Puerto Rico
https://dblp.org/pid/40/7544,University of Puerto Rico
https://dblp.org/pid/50/8085,University of Melbourne
https://dblp.org/pid/144/0219,University of Melbourne
https://dblp.org/pid/31/4052,Universidad Nacional Autónoma de México
https://dblp.org/pid/89/2560-3,Universidad Nacional Autónoma de México
https://dblp.org/pid/21/7054,Universidad Nacional Autónoma de México
https://dblp.org/pid/137/4489,University at Buffalo
https://dblp.org/pid/80/1388,University at Buffalo
https://dblp.org/pid/88/6921,University at Buffalo
https://dblp.org/pid/92/4565,University at Buffalo
https://dblp.org/pid/86/1763-1,London School of Economics
https://dblp.org/pid/06/1838-2,(unknown)
https://dblp.org/pid/215/8530,(unknown)
https://dblp.org/pid/36/10778-2,National Taiwan Ocean University
https://dblp.org/pid/191/4186,University of Washington
https://dblp.org/pid/85/2189,University of Washington
https://dblp.org/pid/66/6237-3,University of Washington
https://dblp.org/pid/09/5152-1,University of Washington
https://dblp.org/pid/131/5234,University of Washington
https://dblp.org/pid/38/10688-1,University of Washington
https://dblp.org/pid/116/0750,University of Washington
https://dblp.org/pid/c/PeterChristen,The Australian National University
https://dblp.org/pid/65/6264,University of Warwick
https://dblp.org/pid/94/3837,Chinese University of Hong Kong
https://dblp.org/pid/w/CKWong,Chinese University of Hong Kong
https://dblp.org/pid/w/DYLWu,Chinese University of Hong Kong
https://dblp.org/pid/w/VKWWei,Chinese University of Hong Kong
https://dblp.org/pid/m/MaxQHMeng,Chinese University of Hong Kong
https://dblp.org/pid/89/2937,Chinese University of Hong Kong
https://dblp.org/pid/l/JannyLeung,Chinese University of Hong Kong
https://dblp.org/pid/l/KwongSakLeung,Chinese University of Hong Kong
https://dblp.org/pid/l/WingCheongLau,Chinese University of Hong Kong
https://dblp.org/pid/l/YunhuiLiu,Chinese University of Hong Kong
https://dblp.org/pid/11/2362,Chinese University of Hong Kong
https://dblp.org/pid/80/3143,Chinese University of Hong Kong
https://dblp.org/pid/54/3900,Chinese University of Hong Kong
https://dblp.org/pid/47/6795,Chinese University of Hong Kong
https://dblp.org/pid/c/LeizhenCai,Chinese University of Hong Kong
https://dblp.org/pid/c/OliverChiusingChoy,Chinese University of Hong Kong
https://dblp.org/pid/c/WaikuenCham,Chinese University of Hong Kong
https://dblp.org/pid/w/KamFaiWong,Chinese University of Hong Kong
https://dblp.org/pid/22/3870-3,Chinese University of Hong Kong
https://dblp.org/pid/40/4105-1,Chinese University of Hong Kong
https://dblp.org/pid/61/3234-15,Chinese University of Hong Kong
https://dblp.org/pid/95/693-4,Chinese University of Hong Kong
https://dblp.org/pid/82/4299-5,Chinese University of Hong Kong
https://dblp.org/pid/90/1977-4,Chinese University of Hong Kong
https://dblp.org/pid/85/7941,Chinese University of Hong Kong
https://dblp.org/pid/c/DCai-2,Chinese University of Hong Kong
https://dblp.org/pid/y/EFYYoung,Chinese University of Hong Kong
https://dblp.org/pid/k/IrwinKing,Chinese University of Hong Kong
https://dblp.org/pid/n/KamWingNg,Chinese University of Hong Kong
https://dblp.org/pid/n/KingNgiNgan,Chinese University of Hong Kong
https://dblp.org/pid/05/5028,Chinese University of Hong Kong
https://dblp.org/pid/05/1897,Chinese University of Hong Kong
https://dblp.org/pid/56/9077-2,Chinese University of Hong Kong
https://dblp.org/pid/115/6282-2,Chinese University of Hong Kong
https://dblp.org/pid/y/YeungYam,Chinese University of Hong Kong
https://dblp.org/pid/12/417-11,Chinese University of Hong Kong
https://dblp.org/pid/37/6235-6,Chinese University of Hong Kong
https://dblp.org/pid/40/1491-20,Chinese University of Hong Kong
https://dblp.org/pid/40/1491-21,Chinese University of Hong Kong
https://dblp.org/pid/44/5733-3,Chinese University of Hong Kong
https://dblp.org/pid/50/6759-13,Chinese University of Hong Kong
https://dblp.org/pid/58/2847-3,Chinese University of Hong Kong
https://dblp.org/pid/82/3116-5,Chinese University of Hong Kong
https://dblp.org/pid/l/JackYiuBunLee,Chinese University of Hong Kong
https://dblp.org/pid/l/JianzhuangLiu,Chinese University of Hong Kong
https://dblp.org/pid/l/SoungChangLiew,Chinese University of Hong Kong
https://dblp.org/pid/t/YufeiTao,Chinese University of Hong Kong
https://dblp.org/pid/d/TimonCDu,Chinese University of Hong Kong
https://dblp.org/pid/188/1842,Chinese University of Hong Kong
https://dblp.org/pid/24/4603,Chinese University of Hong Kong
https://dblp.org/pid/28/3556,Technische Universiteit Delft
https://dblp.org/pid/134/9673,University Medical Center Utrecht
https://dblp.org/pid/00/8526,Yale University
https://dblp.org/pid/p/RuzicaPiskac,Yale University
https://dblp.org/pid/46/6823,Yale University
https://dblp.org/pid/03/3843,Yale University
https://dblp.org/pid/67/5132,Yale University
https://dblp.org/pid/132/9101,Yale University
https://dblp.org/pid/49/6828,Yale University
https://dblp.org/pid/62/5839-5,Yale University
https://dblp.org/pid/115/9332,Yale University
https://dblp.org/pid/g/DavidGelernter,Yale University
https://dblp.org/pid/02/2229,Yale University
https://dblp.org/pid/53/9964,Yale University
https://dblp.org/pid/222/2147,Yale University
https://dblp.org/pid/14/267,Yale University
https://dblp.org/pid/42/962,Yale University
https://dblp.org/pid/97/8092,University of New Brunswick
https://dblp.org/pid/04/5555,Bosch
https://dblp.org/pid/89/3488-4,Simon Fraser University
https://dblp.org/pid/70/5618-2,Simon Fraser University
https://dblp.org/pid/18/2771-2,Simon Fraser University
https://dblp.org/pid/147/2228,Simon Fraser University
https://dblp.org/pid/87/2614,Simon Fraser University
https://dblp.org/pid/39/7183,Simon Fraser University
https://dblp.org/pid/l/PeterLee3,University of Birmingham
https://dblp.org/pid/10/5630-6,University of Birmingham
https://dblp.org/pid/l/AlesLeonardis,University of Birmingham
https://dblp.org/pid/63/9609-3,The Ohio State University
https://dblp.org/pid/65/5338,The Ohio State University
https://dblp.org/pid/23/2759-1,University of Illinois
https://dblp.org/pid/92/3956-6,University of Illinois
https://dblp.org/pid/g/DavidEGoldberg,University of Illinois
https://dblp.org/pid/11/3390,Brown University
https://dblp.org/pid/54/8734,Brown University
https://dblp.org/pid/39/721-3,Brown University
https://dblp.org/pid/00/8680,TU Delft
https://dblp.org/pid/80/9245,TU Delft
https://dblp.org/pid/132/1069,TU Delft
https://dblp.org/pid/36/9180,TU Delft
https://dblp.org/pid/07/7044-1,TU Delft
https://dblp.org/pid/79/2974,TU Delft
https://dblp.org/pid/04/584,TU Delft
https://dblp.org/pid/66/3859-1,Kyoto University
https://dblp.org/pid/j/AdamJatowt,Kyoto University
https://dblp.org/pid/t/YutakaTakahashi,Kyoto University
https://dblp.org/pid/125/0935,Freie Universität Berlin
https://dblp.org/pid/49/1051,University of Glasgow
https://dblp.org/pid/119/4841,University of Glasgow
https://dblp.org/pid/02/2224,University of Glasgow
https://dblp.org/pid/14/3015,University of Glasgow
https://dblp.org/pid/76/7916,University of Maryland
https://dblp.org/pid/43/3994,University of Maryland
https://dblp.org/pid/45/5193-6,University of Maryland
https://dblp.org/pid/p/WilliamPugh,University of Maryland
https://dblp.org/pid/29/6237,University of Maryland
https://dblp.org/pid/66/4424,University of Maryland
https://dblp.org/pid/25/8184,University of Maryland
https://dblp.org/pid/44/85-2,University of Maryland
https://dblp.org/pid/51/7848,University of Maryland
https://dblp.org/pid/10/10874,University of Maryland
https://dblp.org/pid/45/661-4,University of Maryland
https://dblp.org/pid/169/8258,University of Maryland
https://dblp.org/pid/90/3161,University of Maryland
https://dblp.org/pid/87/6340-1,Universität Göttingen
https://dblp.org/pid/56/6992,Middlesex University
https://dblp.org/pid/129/8700,Middlesex University
https://dblp.org/pid/31/8186,McGill University
https://dblp.org/pid/93/1908-4,McGill University
https://dblp.org/pid/88/611,McGill University
https://dblp.org/pid/10/4661-34,McGill University
https://dblp.org/pid/40/2237-3,McGill University
https://dblp.org/pid/f/BCMFung,McGill University
https://dblp.org/pid/34/7030,University of East Anglia
https://dblp.org/pid/28/1044,Universität Wien
https://dblp.org/pid/k/StevenOrlaKimbrough,University of Pennsylvania
https://dblp.org/pid/75/11005,University of Pennsylvania
https://dblp.org/pid/60/1683-1,University of Pennsylvania
https://dblp.org/pid/89/2801,University of Pennsylvania
https://dblp.org/pid/125/3242,University of Pennsylvania
https://dblp.org/pid/39/3354,University of Pennsylvania
https://dblp.org/pid/72/1358-10,Ericsson
https://dblp.org/pid/75/388,University of Mauritius
https://dblp.org/pid/m/RobMiller2,University College London
https://dblp.org/pid/01/8857,University College London
https://dblp.org/pid/45/1575,University College London
https://dblp.org/pid/g/AntonioGonzalez2,University College London
https://dblp.org/pid/10/2833,University College London
https://dblp.org/pid/h/MarkHandley,University College London
https://dblp.org/pid/44/923,University College London
https://dblp.org/pid/84/6889-50,University College London
https://dblp.org/pid/96/3995-4,University College London
https://dblp.org/pid/57/4166,University College London
https://dblp.org/pid/46/9730,University College London
https://dblp.org/pid/17/7424,Universiteit Utrecht
https://dblp.org/pid/27/9877,Universitat Politècnica de Catalunya
https://dblp.org/pid/88/2053,Universitat Politècnica de Catalunya
https://dblp.org/pid/152/8806,Universitat Politècnica de Catalunya
https://dblp.org/pid/27/4744-10,Deloitte & Touche
https://dblp.org/pid/43/2822,Universidad de Zaragoza
https://dblp.org/pid/b/BBrassel,Christian-Albrechts-Universität zu Kiel
https://dblp.org/pid/f/MJFranklin,University of Chicago
https://dblp.org/pid/84/5664,University of Chicago
https://dblp.org/pid/155/9723,University of Chicago
https://dblp.org/pid/117/3757,University of Chicago
https://dblp.org/pid/56/746,University of Groningen
https://dblp.org/pid/20/5842,University of Groningen
https://dblp.org/pid/09/3487,University of Groningen
https://dblp.org/pid/68/3460,Katholieke Universiteit Leuven
https://dblp.org/pid/82/1466,University of Amsterdam
https://dblp.org/pid/18/5038,University of Amsterdam
https://dblp.org/pid/90/8341,University of Amsterdam
https://dblp.org/pid/89/4514,Microsoft Corporation
https://dblp.org/pid/02/5889-19,Microsoft Corporation
https://dblp.org/pid/18/2343-2,Microsoft Corporation
https://dblp.org/pid/263/1824,Microsoft Corporation
https://dblp.org/pid/52/665-2,Microsoft Corporation
https://dblp.org/pid/36/6104,Microsoft Corporation
https://dblp.org/pid/y/ZheYang-1,Microsoft Corporation
https://dblp.org/pid/04/3001-4,Microsoft Corporation
https://dblp.org/pid/24/11231,Trinity College
https://dblp.org/pid/154/8215-2,Goethe University Frankfurt- Frankfurt am Main- Germany
https://dblp.org/pid/54/9393,Goethe University Frankfurt- Frankfurt am Main- Germany
https://dblp.org/pid/259/9164,Goethe University Frankfurt- Frankfurt am Main- Germany
https://dblp.org/pid/78/6843,Goethe University Frankfurt- Frankfurt am Main- Germany
https://dblp.org/pid/140/7247,Goethe University Frankfurt- Frankfurt am Main- Germany
https://dblp.org/pid/183/3920,Goethe University Frankfurt- Frankfurt am Main- Germany
https://dblp.org/pid/252/0628,Goethe University Frankfurt- Frankfurt am Main- Germany
https://dblp.org/pid/17/3697,Goethe University Frankfurt- Frankfurt am Main- Germany
https://dblp.org/pid/191/0653,Goethe University Frankfurt- Frankfurt am Main- Germany
https://dblp.org/pid/172/7500,Goethe University Frankfurt- Frankfurt am Main- Germany
https://dblp.org/pid/312/7701,University of Frankfurt- Frankfurt am Main- Germany
https://dblp.org/pid/94/9169,Stanford University- Department of Computer Science
https://dblp.org/pid/m/ChristopherDManning,Stanford University- Department of Computer Science
https://dblp.org/pid/r/ChristopherRe,Stanford University- Department of Computer Science
https://dblp.org/pid/52/10074,Stanford University- Department of Computer Science
https://dblp.org/pid/m/JohnCMitchell,Stanford University- Department of Computer Science
https://dblp.org/pid/73/4804,Stanford University- Department of Computer Science
https://dblp.org/pid/55/5784-3,Akademie der Landwirtschaftswissenschaften- Berlin- Germany
https://dblp.org/pid/187/6458-1,Akademie der Wissenschaften der DDR- Berlin- Germany
https://dblp.org/pid/187/8751-2,Akademie der Wissenschaften der DDR- Berlin- Germany
https://dblp.org/pid/14/5761-4,Akademie der Wissenschaften der DDR- Berlin- Germany
https://dblp.org/pid/47/8186,Aix-Marseille University- France
https://dblp.org/pid/168/1025,Aix-Marseille University- France
https://dblp.org/pid/67/1951,Aix-Marseille University- France
https://dblp.org/pid/71/4752-1,Aix-Marseille University- France
https://dblp.org/pid/01/3941,Bauhaus University- Weimar- Germany
https://dblp.org/pid/83/10570,Bauhaus University- Weimar- Germany
https://dblp.org/pid/h/HHopfner,Bauhaus University- Weimar- Germany
https://dblp.org/pid/08/10369,Bauhaus University- Weimar- Germany
https://dblp.org/pid/18/7308,Bauhaus University- Weimar- Germany
https://dblp.org/pid/69/4806-1,Bauhaus University- Weimar- Germany
https://dblp.org/pid/96/640,Bauhaus University- Weimar- Germany
https://dblp.org/pid/65/4681,Bauhaus University- Weimar- Germany
https://dblp.org/pid/l/ChristianLange2,Bielefeld University
https://dblp.org/pid/05/139,Bielefeld University
https://dblp.org/pid/12/1983,Bielefeld University
https://dblp.org/pid/w/IpkeWachsmuth,Bielefeld University- Germany
https://dblp.org/pid/m/DieterMetzing,Bielefeld University- Germany
https://dblp.org/pid/l/PBLadkin,Bielefeld University- Germany
https://dblp.org/pid/69/8193,Bielefeld University- Germany
https://dblp.org/pid/56/1310-6,Bielefeld University- Germany
https://dblp.org/pid/11/7111,Bielefeld University- Germany
https://dblp.org/pid/54/9375,Bielefeld University- Germany
https://dblp.org/pid/88/3008,Bielefeld University- Germany
https://dblp.org/pid/71/3202-1,Bielefeld University- Germany
https://dblp.org/pid/p/NadinePfeifferLessmann,Bielefeld University- Germany
https://dblp.org/pid/72/3506,Bielefeld University- Germany
https://dblp.org/pid/r/GRickheit,Bielefeld University- Germany
https://dblp.org/pid/286/6490,Bielefeld University- Germany
https://dblp.org/pid/84/5825,Bielefeld University- Germany
https://dblp.org/pid/c/HCruse,Bielefeld University- Germany
https://dblp.org/pid/129/7645,Bielefeld University- Germany
https://dblp.org/pid/a/RudolfAhlswede,Bielefeld University- Germany
https://dblp.org/pid/155/7900,Bielefeld University- Germany
https://dblp.org/pid/57/4012-4,Bielefeld University- Germany
https://dblp.org/pid/10/9770,Bielefeld University- Germany
https://dblp.org/pid/142/3025,Bielefeld University- Germany
https://dblp.org/pid/80/658-2,Bielefeld University- Germany
https://dblp.org/pid/36/4817,Bielefeld University- Germany
https://dblp.org/pid/53/3171-1,Bielefeld University- Germany
https://dblp.org/pid/72/2168-2,Bielefeld University- Germany
https://dblp.org/pid/s/FrankMichaelSchleif,Bielefeld University- Germany
https://dblp.org/pid/153/5769-2,Bielefeld University- Germany
https://dblp.org/pid/20/6444,Bielefeld University- Germany
https://dblp.org/pid/g/RobertGiegerich,Bielefeld University- Germany
https://dblp.org/pid/192/6226-1,Bielefeld University- Germany
https://dblp.org/pid/25/6084,Bielefeld University- Germany
https://dblp.org/pid/31/3992,Bielefeld University- Germany
https://dblp.org/pid/36/1151-2,Bielefeld University- Germany
https://dblp.org/pid/37/6955,Bielefeld University- Germany
https://dblp.org/pid/262/3693,Bielefeld University- Germany
https://dblp.org/pid/79/6049,Bielefeld University- Germany
https://dblp.org/pid/09/203-5,Bielefeld University- Germany
https://dblp.org/pid/74/1320,Bielefeld University- Germany
https://dblp.org/pid/74/4288,Bielefeld University- Germany
https://dblp.org/pid/126/9625,Bielefeld University- Germany
https://dblp.org/pid/22/10085,Bielefeld University- Germany
https://dblp.org/pid/135/2734,Bielefeld University- Germany
https://dblp.org/pid/w/DietmarWatjen,Braunschweig University of Technology- Germany
https://dblp.org/pid/43/4071,Braunschweig University of Technology- Germany
https://dblp.org/pid/k/AlexanderKroeller,Braunschweig University of Technology- Germany
https://dblp.org/pid/k/EckhardKruse,Braunschweig University of Technology- Germany
https://dblp.org/pid/156/9831,Braunschweig University of Technology- Germany
https://dblp.org/pid/27/2697,Braunschweig University of Technology- Germany
https://dblp.org/pid/29/2350,Braunschweig University of Technology- Germany
https://dblp.org/pid/02/7271,Braunschweig University of Technology- Germany
https://dblp.org/pid/a/JiriAdamek,Braunschweig University of Technology- Germany
https://dblp.org/pid/75/5795,Braunschweig University of Technology- Germany
https://dblp.org/pid/133/8864,Braunschweig University of Technology- Germany
https://dblp.org/pid/09/5394-2,Braunschweig University of Technology- Germany
https://dblp.org/pid/18/5670-2,Braunschweig University of Technology- Germany
https://dblp.org/pid/60/9827-3,Braunschweig University of Technology- Germany
https://dblp.org/pid/117/9485-3,Braunschweig University of Technology- Germany
https://dblp.org/pid/119/8218,Braunschweig University of Technology- Germany
https://dblp.org/pid/132/2335,Braunschweig University of Technology- Germany
https://dblp.org/pid/178/6652-1,Braunschweig University of Technology- Germany
https://dblp.org/pid/31/11426,Braunschweig University of Technology- Germany
https://dblp.org/pid/k/MojganKowsari,Braunschweig University of Technology- Germany
https://dblp.org/pid/m/MarcusAMagnor,Braunschweig University of Technology- Germany
https://dblp.org/pid/159/7821-18,Braunschweig University of Technology- Germany
https://dblp.org/pid/25/4804-3,Braunschweig University of Technology- Germany
https://dblp.org/pid/g/UrsulaGoltz,Braunschweig University of Technology- Germany
https://dblp.org/pid/80/3210,Braunschweig University of Technology- Germany
https://dblp.org/pid/m/MartinMuller-7,Braunschweig University of Technology- Germany
https://dblp.org/pid/140/1331-2,Braunschweig University of Technology- Germany
https://dblp.org/pid/60/1028,Braunschweig University of Technology- Germany
https://dblp.org/pid/96/4942-2,Braunschweig University of Technology- Germany
https://dblp.org/pid/b/WTBalke,Braunschweig University of Technology- Germany
https://dblp.org/pid/e/RolfErnst,Braunschweig University of Technology- Germany
https://dblp.org/pid/72/3113,Braunschweig University of Technology- Germany
https://dblp.org/pid/b/MladenBerekovic,Braunschweig University of Technology- Germany
https://dblp.org/pid/d/GritDenker,Braunschweig University of Technology- Germany
https://dblp.org/pid/e/HDEhrich,Braunschweig University of Technology- Germany
https://dblp.org/pid/e/SilkeEckstein,Braunschweig University of Technology- Germany
https://dblp.org/pid/142/4661,Braunschweig University of Technology- Germany
https://dblp.org/pid/39/3304,Braunschweig University of Technology- Germany
https://dblp.org/pid/18/31-2,Brown University- Department of Computer Science
https://dblp.org/pid/l/MLLittman,Brown University- Department of Computer Science
https://dblp.org/pid/62/2674,Brown University- Department of Computer Science
https://dblp.org/pid/35/385,Bundeswehr University Munich
https://dblp.org/pid/p/StefanPickl,Bundeswehr University Munich- Germany
https://dblp.org/pid/44/4066-5,Bundeswehr University Munich- Germany
https://dblp.org/pid/08/7810,Bundeswehr University Munich- Germany
https://dblp.org/pid/44/4132,Bundeswehr University Munich- Germany
https://dblp.org/pid/84/9604,Bundeswehr University Munich- Germany
https://dblp.org/pid/51/6825,Bundeswehr University Munich- Germany
https://dblp.org/pid/85/9021,Bundeswehr University Munich- Germany
https://dblp.org/pid/168/8640,Bundeswehr University Munich- Germany
https://dblp.org/pid/s/GuntherSchmidt,Bundeswehr University Munich- Germany
https://dblp.org/pid/32/5917,Bundeswehr University Munich- Germany
https://dblp.org/pid/87/8007,Bundeswehr University Munich- Germany
https://dblp.org/pid/16/9167-2,Bundeswehr University Munich- Germany
https://dblp.org/pid/01/4857,Bundeswehr University Munich- Germany
https://dblp.org/pid/190/5576-2,Bundeswehr University Munich- Germany
https://dblp.org/pid/23/4096,Bundeswehr University Munich- Germany
https://dblp.org/pid/97/1158,Bundeswehr University Munich- Germany
https://dblp.org/pid/99/126,Bundeswehr University Munich- Germany
https://dblp.org/pid/28/1357-2,Bundeswehr University Munich- Germany
https://dblp.org/pid/47/671-5,Bundeswehr University Munich- Germany
https://dblp.org/pid/75/7005-3,Bundeswehr University Munich- Germany
https://dblp.org/pid/74/4330-3,Bundeswehr University Munich- Germany
https://dblp.org/pid/94/5597,Bundeswehr University Munich- Germany
https://dblp.org/pid/26/2744,Bundeswehr University Munich- Germany
https://dblp.org/pid/34/2480,Bundeswehr University Munich- Germany
https://dblp.org/pid/76/1216,Bundeswehr University Munich- Neubiberg- Germany
https://dblp.org/pid/181/2668-3,Bundeswehr University Munich- Neubiberg- Germany
https://dblp.org/pid/187/8536,Bundeswehr University Munich- Neubiberg- Germany
https://dblp.org/pid/148/2260,Bundeswehr University Munich- Neubiberg- Germany
https://dblp.org/pid/185/6224,Bundeswehr University Munich- Neubiberg- Germany
https://dblp.org/pid/83/4980-3,Bundeswehr University Munich- Neubiberg- Germany
https://dblp.org/pid/172/2807,Bundeswehr University Munich- Neubiberg- Germany
https://dblp.org/pid/62/5869,Bundeswehr University Munich- Neubiberg- Germany
https://dblp.org/pid/59/7178,Chemnitz University of Technology- Germany
https://dblp.org/pid/k/ClaudiaKretzschmar,Chemnitz University of Technology- Germany
https://dblp.org/pid/55/2743,Chemnitz University of Technology- Germany
https://dblp.org/pid/88/9298,Chemnitz University of Technology- Germany
https://dblp.org/pid/182/4066,Chemnitz University of Technology- Germany
https://dblp.org/pid/r/GudulaRunger,Chemnitz University of Technology- Germany
https://dblp.org/pid/70/4329-2,Chemnitz University of Technology- Germany
https://dblp.org/pid/18/4705-4,Chemnitz University of Technology- Germany
https://dblp.org/pid/21/484,Chemnitz University of Technology- Germany
https://dblp.org/pid/91/2373,Chemnitz University of Technology- Germany
https://dblp.org/pid/69/4773,Chemnitz University of Technology- Germany
https://dblp.org/pid/17/1765-1,Chemnitz University of Technology- Germany
https://dblp.org/pid/17/3281,Chemnitz University of Technology- Germany
https://dblp.org/pid/251/5196,Chemnitz University of Technology- Germany
https://dblp.org/pid/251/5555-2,Chemnitz University of Technology- Germany
https://dblp.org/pid/146/5960,Chemnitz University of Technology- Germany
https://dblp.org/pid/47/3454-1,Chemnitz University of Technology- Germany
https://dblp.org/pid/09/4354-1,Chemnitz University of Technology- Germany
https://dblp.org/pid/11/7091-2,Chemnitz University of Technology- Germany
https://dblp.org/pid/88/7055,Chemnitz University of Technology- Germany
https://dblp.org/pid/g/AndreasGoerdt,Chemnitz University of Technology- Germany
https://dblp.org/pid/05/10748-1,Chemnitz University of Technology- Germany
https://dblp.org/pid/11/4107,Chemnitz University of Technology- Germany
https://dblp.org/pid/31/6239,Chemnitz University of Technology- Germany
https://dblp.org/pid/76/501-1,Chemnitz University of Technology- Germany
https://dblp.org/pid/13/3897,Chemnitz University of Technology- Germany
https://dblp.org/pid/60/1310-2,Chemnitz University of Technology- Germany
https://dblp.org/pid/d/WDilger,Chemnitz University of Technology- Germany
https://dblp.org/pid/m/FlorianMueller-9,Chemnitz University of Technology- Germany
https://dblp.org/pid/31/7503-2,Chemnitz University of Technology- Germany
https://dblp.org/pid/50/671-51,Chemnitz University of Technology- Germany
https://dblp.org/pid/66/4247,Chemnitz University of Technology- Germany
https://dblp.org/pid/44/11162-2,Chemnitz University of Technology- Germany
https://dblp.org/pid/b/WolfgangBenn,Chemnitz University of Technology- Germany
https://dblp.org/pid/142/4093,Chemnitz University of Technology- Germany
https://dblp.org/pid/88/4924-2,Clausthal University of Technology- Germany
https://dblp.org/pid/05/490-4,Clausthal University of Technology- Germany
https://dblp.org/pid/271/9246,Clausthal University of Technology- Germany
https://dblp.org/pid/54/503-5,Clausthal University of Technology- Germany
https://dblp.org/pid/11/7091-3,Clausthal University of Technology- Germany
https://dblp.org/pid/h/SvenHartmann,Clausthal University of Technology- Germany
https://dblp.org/pid/01/5235-3,Clausthal University of Technology- Germany
https://dblp.org/pid/d/JurgenDix,Clausthal University of Technology- Germany
https://dblp.org/pid/44/2144-6,Clausthal University of Technology- Germany
https://dblp.org/pid/46/173,Clausthal University of Technology- Germany
https://dblp.org/pid/w/KarstenWeihe,Darmstadt University of Technology- Germany
https://dblp.org/pid/m/MiraMezini,Darmstadt University of Technology- Germany
https://dblp.org/pid/164/0000,Darmstadt University of Technology- Germany
https://dblp.org/pid/04/3156-2,Darmstadt University of Technology- Germany
https://dblp.org/pid/09/1984-2,Darmstadt University of Technology- Germany
https://dblp.org/pid/94/4084-11,Darmstadt University of Technology- Germany
https://dblp.org/pid/m/HeikoMantel,Darmstadt University of Technology- Germany
https://dblp.org/pid/01/7922,Darmstadt University of Technology- Germany
https://dblp.org/pid/08/9304,Darmstadt University of Technology- Germany
https://dblp.org/pid/08/9305-2,Darmstadt University of Technology- Germany
https://dblp.org/pid/70/2932-9,Darmstadt University of Technology- Germany
https://dblp.org/pid/97/6011,Darmstadt University of Technology- Germany
https://dblp.org/pid/s/AndySchurr,Darmstadt University of Technology- Germany
https://dblp.org/pid/10/10539,Darmstadt University of Technology- Germany
https://dblp.org/pid/176/5171,Darmstadt University of Technology- Germany
https://dblp.org/pid/45/4605-2,Darmstadt University of Technology- Germany
https://dblp.org/pid/76/1584-40,Darmstadt University of Technology- Germany
https://dblp.org/pid/w/ChristophWalther,Darmstadt University of Technology- Germany
https://dblp.org/pid/188/8611-2,Darmstadt University of Technology- Germany
https://dblp.org/pid/19/6980-2,Darmstadt University of Technology- Germany
https://dblp.org/pid/47/2033,Darmstadt University of Technology- Germany
https://dblp.org/pid/55/5080-2,Darmstadt University of Technology- Germany
https://dblp.org/pid/55/826-9,Darmstadt University of Technology- Germany
https://dblp.org/pid/08/2010-1,Darmstadt University of Technology- Germany
https://dblp.org/pid/121/9504,Darmstadt University of Technology- Germany
https://dblp.org/pid/15/2402-6,Darmstadt University of Technology- Germany
https://dblp.org/pid/189/1616,Darmstadt University of Technology- Germany
https://dblp.org/pid/24/3071-6,Darmstadt University of Technology- Germany
https://dblp.org/pid/44/3422-2,Darmstadt University of Technology- Germany
https://dblp.org/pid/118/1267,Darmstadt University of Technology- Germany
https://dblp.org/pid/41/3737-2,Darmstadt University of Technology- Germany
https://dblp.org/pid/72/5460,Darmstadt University of Technology- Germany
https://dblp.org/pid/75/7247,Darmstadt University of Technology- Germany
https://dblp.org/pid/152/5189,Darmstadt University of Technology- Germany
https://dblp.org/pid/30/5560-2,Darmstadt University of Technology- Germany
https://dblp.org/pid/74/2397-5,Darmstadt University of Technology- Germany
https://dblp.org/pid/h/SorinAHuss,Darmstadt University of Technology- Germany
https://dblp.org/pid/52/4092-2,Darmstadt University of Technology- Germany
https://dblp.org/pid/83/7373-4,Darmstadt University of Technology- Germany
https://dblp.org/pid/o/MartinOberkonig,Darmstadt University of Technology- Germany
https://dblp.org/pid/165/8695,Darmstadt University of Technology- Germany
https://dblp.org/pid/71/2773,Darmstadt University of Technology- Germany
https://dblp.org/pid/b/WBibel,Darmstadt University of Technology- Germany
https://dblp.org/pid/53/6655,Darmstadt University of Technology- Germany
https://dblp.org/pid/55/3979,Delft University of Technology
https://dblp.org/pid/93/3278,Delft University of Technology
https://dblp.org/pid/59/7133,Delft University of Technology
https://dblp.org/pid/67/2212,Delft University of Technology
https://dblp.org/pid/37/4594,Delft University of Technology
https://dblp.org/pid/37/4613-2,Delft University of Technology
https://dblp.org/pid/177/6287,Delft University of Technology
https://dblp.org/pid/180/2561,Delft University of Technology- The Netherlands
https://dblp.org/pid/76/5349-2,Delft University of Technology- The Netherlands
https://dblp.org/pid/76/8700,Delft University of Technology- The Netherlands
https://dblp.org/pid/175/1485,Delft University of Technology- The Netherlands
https://dblp.org/pid/27/511,Delft University of Technology- The Netherlands
https://dblp.org/pid/61/3234-5,Delft University of Technology- The Netherlands
https://dblp.org/pid/168/1949-2,Delft University of Technology- The Netherlands
https://dblp.org/pid/15/6031,Delft University of Technology- The Netherlands
https://dblp.org/pid/11/10537,Delft University of Technology- The Netherlands
https://dblp.org/pid/11/4932,Delft University of Technology- The Netherlands
https://dblp.org/pid/93/1197,Delft University of Technology- The Netherlands
https://dblp.org/pid/93/6765-20,Delft University of Technology- The Netherlands
https://dblp.org/pid/166/1396,Delft University of Technology- The Netherlands
https://dblp.org/pid/10/5630-54,Delft University of Technology- The Netherlands
https://dblp.org/pid/12/1198-28,Delft University of Technology- The Netherlands
https://dblp.org/pid/127/4199,Delft University of Technology- The Netherlands
https://dblp.org/pid/180/0006,Delft University of Technology- The Netherlands
https://dblp.org/pid/55/2512,Delft University of Technology- The Netherlands
https://dblp.org/pid/54/260,Delft University of Technology- The Netherlands
https://dblp.org/pid/201/4971,Delft University of Technology- The Netherlands
https://dblp.org/pid/170/0855,Delft University of Technology- The Netherlands
https://dblp.org/pid/02/736-9,Delft University of Technology- The Netherlands
https://dblp.org/pid/279/8895,Delft University of Technology- The Netherlands
https://dblp.org/pid/08/1739,Delft University of Technology- The Netherlands
https://dblp.org/pid/70/1726-27,Delft University of Technology- The Netherlands
https://dblp.org/pid/97/4649-3,Delft University of Technology- The Netherlands
https://dblp.org/pid/222/5898,Delft University of Technology- The Netherlands
https://dblp.org/pid/25/1606,Delft University of Technology- The Netherlands
https://dblp.org/pid/44/8743,Delft University of Technology- The Netherlands
https://dblp.org/pid/08/2510,Delft University of Technology- The Netherlands
https://dblp.org/pid/35/4186-1,Delft University of Technology- The Netherlands
https://dblp.org/pid/164/4018,Delft University of Technology- The Netherlands
https://dblp.org/pid/58/6338,Delft University of Technology- The Netherlands
https://dblp.org/pid/03/3880-3,Delft University of Technology- The Netherlands
https://dblp.org/pid/75/11026,Delft University of Technology- The Netherlands
https://dblp.org/pid/13/10793,Delft University of Technology- The Netherlands
https://dblp.org/pid/95/7632-3,Delft University of Technology- The Netherlands
https://dblp.org/pid/117/4631,Delft University of Technology- The Netherlands
https://dblp.org/pid/154/5814,Delft University of Technology- The Netherlands
https://dblp.org/pid/40/3077,Delft University of Technology- The Netherlands
https://dblp.org/pid/52/980,Delft University of Technology- The Netherlands
https://dblp.org/pid/153/5691,Delft University of Technology- The Netherlands
https://dblp.org/pid/115/9821,Delft University of Technology- The Netherlands
https://dblp.org/pid/g/AlbertoGonzalez2,Delft University of Technology- The Netherlands
https://dblp.org/pid/20/8828,Delft University of Technology- The Netherlands
https://dblp.org/pid/03/6828,Delft University of Technology- The Netherlands
https://dblp.org/pid/47/2805-1,Delft University of Technology- The Netherlands
https://dblp.org/pid/37/5440,Delft University of Technology- The Netherlands
https://dblp.org/pid/274/7866,Delft University of Technology- The Netherlands
https://dblp.org/pid/140/4665,Delft University of Technology- The Netherlands
https://dblp.org/pid/221/0774,Delft University of Technology- The Netherlands
https://dblp.org/pid/194/8530,Delft University of Technology- The Netherlands
https://dblp.org/pid/143/2646,Delft University of Technology- The Netherlands
https://dblp.org/pid/48/76-1,Delft University of Technology- The Netherlands
https://dblp.org/pid/172/4256,Delft University of Technology- The Netherlands
https://dblp.org/pid/22/1365,Delft University of Technology- The Netherlands
https://dblp.org/pid/22/7256,Delft University of Technology- The Netherlands
https://dblp.org/pid/149/4794,Delft University of Technology- The Netherlands
https://dblp.org/pid/144/5763,Delft University of Technology- The Netherlands
https://dblp.org/pid/00/10944-1,Deutsche Sporthochschule Köln- Germany
https://dblp.org/pid/09/1984-1,Dortmund University of Technology
https://dblp.org/pid/98/1701,Dresden University of Technology
https://dblp.org/pid/05/6020-6,Dresden University of Technology
https://dblp.org/pid/39/3861-21,Dresden University of Technology
https://dblp.org/pid/76/1660,Dresden University of Technology- Germany
https://dblp.org/pid/59/2990-2,Dresden University of Technology- Germany
https://dblp.org/pid/m/KMeissner,Dresden University of Technology- Germany
https://dblp.org/pid/31/4557,Dresden University of Technology- Germany
https://dblp.org/pid/55/1822,Dresden University of Technology- Germany
https://dblp.org/pid/01/6601-3,Dresden University of Technology- Germany
https://dblp.org/pid/07/4888,Dresden University of Technology- Germany
https://dblp.org/pid/09/2344,Dresden University of Technology- Germany
https://dblp.org/pid/64/2490-1,Dresden University of Technology- Germany
https://dblp.org/pid/76/3237,Dresden University of Technology- Germany
https://dblp.org/pid/78/4905-2,Dresden University of Technology- Germany
https://dblp.org/pid/89/1236,Dresden University of Technology- Germany
https://dblp.org/pid/97/5806,Dresden University of Technology- Germany
https://dblp.org/pid/68/6078,Dresden University of Technology- Germany
https://dblp.org/pid/64/6735,Dresden University of Technology- Germany
https://dblp.org/pid/84/8513,Dresden University of Technology- Germany
https://dblp.org/pid/51/3949,Dresden University of Technology- Germany
https://dblp.org/pid/32/2164,Dresden University of Technology- Germany
https://dblp.org/pid/d/AndreasDeutsch,Dresden University of Technology- Germany
https://dblp.org/pid/f/DirkFimmel,Dresden University of Technology- Germany
https://dblp.org/pid/21/4224,Dresden University of Technology- Germany
https://dblp.org/pid/67/1690,Dresden University of Technology- Germany
https://dblp.org/pid/95/4494,Dresden University of Technology- Germany
https://dblp.org/pid/15/5555-1,Dresden University of Technology- Germany
https://dblp.org/pid/v/HeikoVogler,Dresden University of Technology- Germany
https://dblp.org/pid/06/729-2,Dresden University of Technology- Germany
https://dblp.org/pid/07/1263-3,Dresden University of Technology- Germany
https://dblp.org/pid/11/6493-3,Dresden University of Technology- Germany
https://dblp.org/pid/119/6904,Dresden University of Technology- Germany
https://dblp.org/pid/144/4631,Dresden University of Technology- Germany
https://dblp.org/pid/15/6788-1,Dresden University of Technology- Germany
https://dblp.org/pid/187/1116,Dresden University of Technology- Germany
https://dblp.org/pid/36/4233-3,Dresden University of Technology- Germany
https://dblp.org/pid/45/6771-6,Dresden University of Technology- Germany
https://dblp.org/pid/56/4287-2,Dresden University of Technology- Germany
https://dblp.org/pid/67/8821,Dresden University of Technology- Germany
https://dblp.org/pid/72/8290,Dresden University of Technology- Germany
https://dblp.org/pid/75/4066-1,Dresden University of Technology- Germany
https://dblp.org/pid/91/5245-2,Dresden University of Technology- Germany
https://dblp.org/pid/02/2861-3,Dresden University of Technology- Germany
https://dblp.org/pid/08/6354-5,Dresden University of Technology- Germany
https://dblp.org/pid/10/1557-2,Dresden University of Technology- Germany
https://dblp.org/pid/11/9451-1,Dresden University of Technology- Germany
https://dblp.org/pid/14/2850-5,Dresden University of Technology- Germany
https://dblp.org/pid/162/7729,Dresden University of Technology- Germany
https://dblp.org/pid/61/2764-5,Dresden University of Technology- Germany
https://dblp.org/pid/84/197-2,Dresden University of Technology- Germany
https://dblp.org/pid/97/11514,Dresden University of Technology- Germany
https://dblp.org/pid/h/HHartig,Dresden University of Technology- Germany
https://dblp.org/pid/58/6589,Dresden University of Technology- Germany
https://dblp.org/pid/b/ChristelBaier,Dresden University of Technology- Germany
https://dblp.org/pid/f/ChristofFetzer,Dresden University of Technology- Germany
https://dblp.org/pid/20/4825,Dresden University of Technology- Germany
https://dblp.org/pid/142/8045,Dresden University of Technology- Germany
https://dblp.org/pid/17/4371-2,Dresden University of Technology- Germany
https://dblp.org/pid/20/4103,Dresden University of Technology- Germany
https://dblp.org/pid/59/1656-4,Dresden University of Technology- Germany
https://dblp.org/pid/60/9827-2,Dresden University of Technology- Germany
https://dblp.org/pid/69/11204-3,Dresden University of Technology- Germany
https://dblp.org/pid/75/65,Dresden University of Technology- Germany
https://dblp.org/pid/06/3993-2,Dresden University of Technology- Germany
https://dblp.org/pid/h/ChristianHochberger,Dresden University of Technology- Germany
https://dblp.org/pid/l/WLehner,Dresden University of Technology- Germany
https://dblp.org/pid/11/9451-2,Dresden University of Technology- Germany
https://dblp.org/pid/15/96-1,Dresden University of Technology- Germany
https://dblp.org/pid/186/5264-2,Dresden University of Technology- Germany
https://dblp.org/pid/21/5843-6,Dresden University of Technology- Germany
https://dblp.org/pid/27/4169-6,Dresden University of Technology- Germany
https://dblp.org/pid/31/7037-4,Dresden University of Technology- Germany
https://dblp.org/pid/42/998,Dresden University of Technology- Germany
https://dblp.org/pid/63/765-5,Dresden University of Technology- Germany
https://dblp.org/pid/83/5219-2,Dresden University of Technology- Germany
https://dblp.org/pid/88/6608-2,Dresden University of Technology- Germany
https://dblp.org/pid/f/GFettweis,Dresden University of Technology- Germany
https://dblp.org/pid/f/MichaelFischer-9,Dresden University of Technology- Germany
https://dblp.org/pid/h/MichaelHohmuth,Dresden University of Technology- Germany
https://dblp.org/pid/k/ArminKuhnemann,Dresden University of Technology- Germany
https://dblp.org/pid/187/1370-1,Dresden University of Technology- Germany
https://dblp.org/pid/187/5170-1,Dresden University of Technology- Germany
https://dblp.org/pid/27/350,Dresden University of Technology- Germany
https://dblp.org/pid/42/8234,Dresden University of Technology- Germany
https://dblp.org/pid/b/FBaader,Dresden University of Technology- Germany
https://dblp.org/pid/03/11345,Dresden University of Technology- Germany
https://dblp.org/pid/04/3605,Dresden University of Technology- Germany
https://dblp.org/pid/06/6843-2,Dresden University of Technology- Germany
https://dblp.org/pid/189/2369-1,Dresden University of Technology- Germany
https://dblp.org/pid/189/2417-2,Dresden University of Technology- Germany
https://dblp.org/pid/27/4169-5,Dresden University of Technology- Germany
https://dblp.org/pid/49/3178-2,Dresden University of Technology- Germany
https://dblp.org/pid/68/283-4,Dresden University of Technology- Germany
https://dblp.org/pid/70/840-2,Dresden University of Technology- Germany
https://dblp.org/pid/74/4754-2,Dresden University of Technology- Germany
https://dblp.org/pid/85/8194,Dresden University of Technology- Germany
https://dblp.org/pid/97/2668-4,Dresden University of Technology- Germany
https://dblp.org/pid/32/7272,Dresden University of Technology- Germany
https://dblp.org/pid/62/2263,Dresden University of Technology- Germany
https://dblp.org/pid/77/2751-7,Dresden University of Technology- Germany
https://dblp.org/pid/79/3363,Dresden University of Technology- Germany
https://dblp.org/pid/88/2727,Dresden University of Technology- Germany
https://dblp.org/pid/93/11169,Dresden University of Technology- Germany
https://dblp.org/pid/b/KatrinBorceaPfitzmann,Dresden University of Technology- Germany
https://dblp.org/pid/92/4261,Dresden University of Technology- Germany
https://dblp.org/pid/222/4864,Dresden University of Technology- Germany
https://dblp.org/pid/48/415,Dresden University of Technology- Germany
https://dblp.org/pid/144/4336,Dresden University of Technology- Germany
https://dblp.org/pid/m/FMattern,ETH Zurich
https://dblp.org/pid/m/OnurMutlu,ETH Zurich
https://dblp.org/pid/33/8952,ETH Zurich
https://dblp.org/pid/98/1701-2,ETH Zurich
https://dblp.org/pid/173/6232,ETH Zurich
https://dblp.org/pid/67/4271,ETH Zurich
https://dblp.org/pid/139/3257,ETH Zurich
https://dblp.org/pid/16/9167-1,ETH Zurich
https://dblp.org/pid/40/3609-3,ETH Zurich
https://dblp.org/pid/52/2764,ETH Zurich
https://dblp.org/pid/92/873-3,ETH Zurich
https://dblp.org/pid/90/2462,ETH Zurich
https://dblp.org/pid/188/9523,ETH Zurich
https://dblp.org/pid/51/1639,ETH Zurich
https://dblp.org/pid/b/LucaBenini,ETH Zurich
https://dblp.org/pid/04/2753,ETH Zurich
https://dblp.org/pid/145/5877-2,ETH Zurich- Switzerland
https://dblp.org/pid/76/221,ETH Zurich- Switzerland
https://dblp.org/pid/76/3402-2,ETH Zurich- Switzerland
https://dblp.org/pid/94/1209,ETH Zurich- Switzerland
https://dblp.org/pid/w/MartinWunderli,ETH Zurich- Switzerland
https://dblp.org/pid/m/UMMaurer,ETH Zurich- Switzerland
https://dblp.org/pid/43/5670,ETH Zurich- Switzerland
https://dblp.org/pid/z/PatrickZiegler,ETH Zurich- Switzerland
https://dblp.org/pid/23/10490,ETH Zurich- Switzerland
https://dblp.org/pid/23/6187,ETH Zurich- Switzerland
https://dblp.org/pid/23/7290,ETH Zurich- Switzerland
https://dblp.org/pid/k/BeateKuhnt,ETH Zurich- Switzerland
https://dblp.org/pid/k/CMeyer5,ETH Zurich- Switzerland
https://dblp.org/pid/k/JoachimKupke2,ETH Zurich- Switzerland
https://dblp.org/pid/63/10335,ETH Zurich- Switzerland
https://dblp.org/pid/63/152,ETH Zurich- Switzerland
https://dblp.org/pid/82/4893,ETH Zurich- Switzerland
https://dblp.org/pid/82/992-2,ETH Zurich- Switzerland
https://dblp.org/pid/123/2642-1,ETH Zurich- Switzerland
https://dblp.org/pid/230/4163-2,ETH Zurich- Switzerland
https://dblp.org/pid/27/7017-16,ETH Zurich- Switzerland
https://dblp.org/pid/l/AmosLapidoth,ETH Zurich- Switzerland
https://dblp.org/pid/l/IvoLocher,ETH Zurich- Switzerland
https://dblp.org/pid/204/8909,ETH Zurich- Switzerland
https://dblp.org/pid/p/AlexiosPalinginis,ETH Zurich- Switzerland
