Transaction,ypred,ytrue
https://ieee-cis-fraud-detection/TransactionID/3123021,1,1
https://ieee-cis-fraud-detection/TransactionID/3123022,1,1
https://ieee-cis-fraud-detection/TransactionID/3123023,1,1
https://ieee-cis-fraud-detection/TransactionID/3123024,1,1
https://ieee-cis-fraud-detection/TransactionID/3123025,1,1
https://ieee-cis-fraud-detection/TransactionID/3123026,1,1
https://ieee-cis-fraud-detection/TransactionID/3123027,1,1
https://ieee-cis-fraud-detection/TransactionID/3123028,1,1
https://ieee-cis-fraud-detection/TransactionID/3123029,1,1
https://ieee-cis-fraud-detection/TransactionID/3123030,1,1
https://ieee-cis-fraud-detection/TransactionID/3123031,1,1
https://ieee-cis-fraud-detection/TransactionID/3123032,1,1
https://ieee-cis-fraud-detection/TransactionID/3123033,1,1
https://ieee-cis-fraud-detection/TransactionID/3123034,1,1
https://ieee-cis-fraud-detection/TransactionID/3123035,1,1
https://ieee-cis-fraud-detection/TransactionID/3123036,1,1
https://ieee-cis-fraud-detection/TransactionID/3123037,1,1
https://ieee-cis-fraud-detection/TransactionID/3123038,1,1
https://ieee-cis-fraud-detection/TransactionID/3123039,1,1
https://ieee-cis-fraud-detection/TransactionID/3123040,1,1
https://ieee-cis-fraud-detection/TransactionID/3123041,1,1
https://ieee-cis-fraud-detection/TransactionID/3123042,1,1
https://ieee-cis-fraud-detection/TransactionID/3123043,1,1
https://ieee-cis-fraud-detection/TransactionID/3123044,1,1
https://ieee-cis-fraud-detection/TransactionID/3123045,1,1
https://ieee-cis-fraud-detection/TransactionID/3123046,1,1
https://ieee-cis-fraud-detection/TransactionID/3123047,1,1
https://ieee-cis-fraud-detection/TransactionID/3123048,1,1
https://ieee-cis-fraud-detection/TransactionID/3123049,1,1
https://ieee-cis-fraud-detection/TransactionID/3123050,1,1
https://ieee-cis-fraud-detection/TransactionID/3123051,1,1
https://ieee-cis-fraud-detection/TransactionID/3123052,1,1
https://ieee-cis-fraud-detection/TransactionID/3123053,1,1
https://ieee-cis-fraud-detection/TransactionID/3123054,1,1
https://ieee-cis-fraud-detection/TransactionID/3123055,1,1
https://ieee-cis-fraud-detection/TransactionID/3123056,1,1
https://ieee-cis-fraud-detection/TransactionID/3123057,1,1
https://ieee-cis-fraud-detection/TransactionID/3123058,1,1
https://ieee-cis-fraud-detection/TransactionID/3123059,1,1
https://ieee-cis-fraud-detection/TransactionID/3123060,1,1
https://ieee-cis-fraud-detection/TransactionID/3123061,1,1
https://ieee-cis-fraud-detection/TransactionID/3123062,1,1
https://ieee-cis-fraud-detection/TransactionID/3123063,1,1
https://ieee-cis-fraud-detection/TransactionID/3123064,1,1
https://ieee-cis-fraud-detection/TransactionID/3123065,1,1
https://ieee-cis-fraud-detection/TransactionID/3123066,1,1
https://ieee-cis-fraud-detection/TransactionID/3123067,1,1
https://ieee-cis-fraud-detection/TransactionID/3123068,1,1
https://ieee-cis-fraud-detection/TransactionID/3123069,1,1
https://ieee-cis-fraud-detection/TransactionID/3123070,1,1
https://ieee-cis-fraud-detection/TransactionID/3123071,1,1
https://ieee-cis-fraud-detection/TransactionID/3123072,1,1
https://ieee-cis-fraud-detection/TransactionID/3123073,1,1
https://ieee-cis-fraud-detection/TransactionID/3123074,1,1
https://ieee-cis-fraud-detection/TransactionID/3123075,1,1
https://ieee-cis-fraud-detection/TransactionID/3123076,1,1
https://ieee-cis-fraud-detection/TransactionID/3123077,1,1
https://ieee-cis-fraud-detection/TransactionID/3123078,1,1
https://ieee-cis-fraud-detection/TransactionID/3123079,1,1
https://ieee-cis-fraud-detection/TransactionID/3123080,1,1
https://ieee-cis-fraud-detection/TransactionID/3123081,1,1
https://ieee-cis-fraud-detection/TransactionID/3123082,1,1
https://ieee-cis-fraud-detection/TransactionID/3123083,1,1
https://ieee-cis-fraud-detection/TransactionID/3123084,1,1
https://ieee-cis-fraud-detection/TransactionID/3123085,1,1
https://ieee-cis-fraud-detection/TransactionID/3123086,1,1
https://ieee-cis-fraud-detection/TransactionID/3123087,1,1
https://ieee-cis-fraud-detection/TransactionID/3123088,1,1
https://ieee-cis-fraud-detection/TransactionID/3123089,1,1
https://ieee-cis-fraud-detection/TransactionID/3123090,1,1
https://ieee-cis-fraud-detection/TransactionID/3123091,1,1
https://ieee-cis-fraud-detection/TransactionID/3123092,1,1
https://ieee-cis-fraud-detection/TransactionID/3123093,1,1
https://ieee-cis-fraud-detection/TransactionID/3123094,1,1
https://ieee-cis-fraud-detection/TransactionID/3123095,1,1
https://ieee-cis-fraud-detection/TransactionID/3123096,1,1
https://ieee-cis-fraud-detection/TransactionID/3123097,1,1
https://ieee-cis-fraud-detection/TransactionID/3123098,1,1
https://ieee-cis-fraud-detection/TransactionID/3123099,1,1
https://ieee-cis-fraud-detection/TransactionID/3123100,1,1
https://ieee-cis-fraud-detection/TransactionID/3123101,1,1
https://ieee-cis-fraud-detection/TransactionID/3123102,1,1
https://ieee-cis-fraud-detection/TransactionID/3123103,1,1
https://ieee-cis-fraud-detection/TransactionID/3123104,1,1
https://ieee-cis-fraud-detection/TransactionID/3123105,1,1
https://ieee-cis-fraud-detection/TransactionID/3123106,1,1
https://ieee-cis-fraud-detection/TransactionID/3123107,1,1
https://ieee-cis-fraud-detection/TransactionID/3123108,1,1
https://ieee-cis-fraud-detection/TransactionID/3123109,1,1
https://ieee-cis-fraud-detection/TransactionID/3123110,1,1
https://ieee-cis-fraud-detection/TransactionID/3123111,1,1
https://ieee-cis-fraud-detection/TransactionID/3123112,1,1
https://ieee-cis-fraud-detection/TransactionID/3123113,1,1
https://ieee-cis-fraud-detection/TransactionID/3123114,1,1
https://ieee-cis-fraud-detection/TransactionID/3123115,1,1
https://ieee-cis-fraud-detection/TransactionID/3123116,1,1
https://ieee-cis-fraud-detection/TransactionID/3123117,1,1
https://ieee-cis-fraud-detection/TransactionID/3123118,1,1
https://ieee-cis-fraud-detection/TransactionID/3123119,1,1
https://ieee-cis-fraud-detection/TransactionID/3123120,1,1
https://ieee-cis-fraud-detection/TransactionID/3123121,1,1
https://ieee-cis-fraud-detection/TransactionID/3123122,1,1
https://ieee-cis-fraud-detection/TransactionID/3123123,1,1
https://ieee-cis-fraud-detection/TransactionID/3123124,1,1
https://ieee-cis-fraud-detection/TransactionID/3123125,1,1
https://ieee-cis-fraud-detection/TransactionID/3123126,1,1
https://ieee-cis-fraud-detection/TransactionID/3123127,1,1
https://ieee-cis-fraud-detection/TransactionID/3123128,1,1
https://ieee-cis-fraud-detection/TransactionID/3123129,1,1
https://ieee-cis-fraud-detection/TransactionID/3123130,1,1
https://ieee-cis-fraud-detection/TransactionID/3123131,1,1
https://ieee-cis-fraud-detection/TransactionID/3123132,1,1
https://ieee-cis-fraud-detection/TransactionID/3123133,1,1
https://ieee-cis-fraud-detection/TransactionID/3123134,1,1
https://ieee-cis-fraud-detection/TransactionID/3123135,1,1
https://ieee-cis-fraud-detection/TransactionID/3123136,1,1
https://ieee-cis-fraud-detection/TransactionID/3123137,1,1
https://ieee-cis-fraud-detection/TransactionID/3123138,1,1
https://ieee-cis-fraud-detection/TransactionID/3123139,1,1
https://ieee-cis-fraud-detection/TransactionID/3123140,1,1
https://ieee-cis-fraud-detection/TransactionID/3123141,1,1
https://ieee-cis-fraud-detection/TransactionID/3123142,1,1
https://ieee-cis-fraud-detection/TransactionID/3123143,1,1
https://ieee-cis-fraud-detection/TransactionID/3123144,1,1
https://ieee-cis-fraud-detection/TransactionID/3123145,1,1
https://ieee-cis-fraud-detection/TransactionID/3123146,1,1
https://ieee-cis-fraud-detection/TransactionID/3123147,1,1
https://ieee-cis-fraud-detection/TransactionID/3123148,1,1
https://ieee-cis-fraud-detection/TransactionID/3123149,1,1
https://ieee-cis-fraud-detection/TransactionID/3123150,1,1
https://ieee-cis-fraud-detection/TransactionID/3123151,1,1
https://ieee-cis-fraud-detection/TransactionID/3123152,1,1
https://ieee-cis-fraud-detection/TransactionID/3123153,1,1
https://ieee-cis-fraud-detection/TransactionID/3123154,1,1
https://ieee-cis-fraud-detection/TransactionID/3123155,1,1
https://ieee-cis-fraud-detection/TransactionID/3123156,1,1
https://ieee-cis-fraud-detection/TransactionID/3123157,1,1
https://ieee-cis-fraud-detection/TransactionID/3123158,1,1
https://ieee-cis-fraud-detection/TransactionID/3123159,1,1
https://ieee-cis-fraud-detection/TransactionID/3123160,1,1
https://ieee-cis-fraud-detection/TransactionID/3123161,1,1
https://ieee-cis-fraud-detection/TransactionID/3123162,1,1
https://ieee-cis-fraud-detection/TransactionID/3123163,1,1
https://ieee-cis-fraud-detection/TransactionID/3123164,1,1
https://ieee-cis-fraud-detection/TransactionID/3123165,1,1
https://ieee-cis-fraud-detection/TransactionID/3123166,1,1
https://ieee-cis-fraud-detection/TransactionID/3123167,1,1
https://ieee-cis-fraud-detection/TransactionID/3123168,1,1
https://ieee-cis-fraud-detection/TransactionID/3123169,1,1
https://ieee-cis-fraud-detection/TransactionID/3123170,1,1
https://ieee-cis-fraud-detection/TransactionID/3123171,1,1
https://ieee-cis-fraud-detection/TransactionID/3123172,1,1
https://ieee-cis-fraud-detection/TransactionID/3123173,1,1
https://ieee-cis-fraud-detection/TransactionID/3123174,1,1
https://ieee-cis-fraud-detection/TransactionID/3123175,1,1
https://ieee-cis-fraud-detection/TransactionID/3123176,1,1
https://ieee-cis-fraud-detection/TransactionID/3123177,1,1
https://ieee-cis-fraud-detection/TransactionID/3123178,1,1
https://ieee-cis-fraud-detection/TransactionID/3123179,1,1
https://ieee-cis-fraud-detection/TransactionID/3123180,1,1
https://ieee-cis-fraud-detection/TransactionID/3123181,1,1
https://ieee-cis-fraud-detection/TransactionID/3123182,1,1
https://ieee-cis-fraud-detection/TransactionID/3123183,1,1
https://ieee-cis-fraud-detection/TransactionID/3123184,1,1
https://ieee-cis-fraud-detection/TransactionID/3123185,1,1
https://ieee-cis-fraud-detection/TransactionID/3123186,1,1
https://ieee-cis-fraud-detection/TransactionID/3123187,1,1
https://ieee-cis-fraud-detection/TransactionID/3123188,1,1
https://ieee-cis-fraud-detection/TransactionID/3123189,1,1
https://ieee-cis-fraud-detection/TransactionID/3123190,1,1
https://ieee-cis-fraud-detection/TransactionID/3123191,1,1
https://ieee-cis-fraud-detection/TransactionID/3123192,1,1
https://ieee-cis-fraud-detection/TransactionID/3123193,1,1
https://ieee-cis-fraud-detection/TransactionID/3123194,1,1
https://ieee-cis-fraud-detection/TransactionID/3123195,1,1
https://ieee-cis-fraud-detection/TransactionID/3123196,1,1
https://ieee-cis-fraud-detection/TransactionID/3123197,1,1
https://ieee-cis-fraud-detection/TransactionID/3123198,1,1
https://ieee-cis-fraud-detection/TransactionID/3123199,1,1
https://ieee-cis-fraud-detection/TransactionID/3123200,1,1
https://ieee-cis-fraud-detection/TransactionID/3123201,1,1
https://ieee-cis-fraud-detection/TransactionID/3123202,1,1
https://ieee-cis-fraud-detection/TransactionID/3123203,1,1
https://ieee-cis-fraud-detection/TransactionID/3123204,1,1
https://ieee-cis-fraud-detection/TransactionID/3123205,1,1
https://ieee-cis-fraud-detection/TransactionID/3123206,1,1
https://ieee-cis-fraud-detection/TransactionID/3123207,1,1
https://ieee-cis-fraud-detection/TransactionID/3123208,1,1
https://ieee-cis-fraud-detection/TransactionID/3123209,1,1
https://ieee-cis-fraud-detection/TransactionID/3123210,1,1
https://ieee-cis-fraud-detection/TransactionID/3123211,1,1
https://ieee-cis-fraud-detection/TransactionID/3123212,1,1
https://ieee-cis-fraud-detection/TransactionID/3123213,1,1
https://ieee-cis-fraud-detection/TransactionID/3123214,1,1
https://ieee-cis-fraud-detection/TransactionID/3123215,1,1
https://ieee-cis-fraud-detection/TransactionID/3123216,1,1
https://ieee-cis-fraud-detection/TransactionID/3123217,1,1
https://ieee-cis-fraud-detection/TransactionID/3123218,1,1
https://ieee-cis-fraud-detection/TransactionID/3123219,1,1
https://ieee-cis-fraud-detection/TransactionID/3123220,1,1
https://ieee-cis-fraud-detection/TransactionID/3123221,1,1
https://ieee-cis-fraud-detection/TransactionID/3123222,1,1
https://ieee-cis-fraud-detection/TransactionID/3123223,1,1
https://ieee-cis-fraud-detection/TransactionID/3123224,1,1
https://ieee-cis-fraud-detection/TransactionID/3123225,1,1
https://ieee-cis-fraud-detection/TransactionID/3123226,1,1
https://ieee-cis-fraud-detection/TransactionID/3123227,1,1
https://ieee-cis-fraud-detection/TransactionID/3123228,1,1
https://ieee-cis-fraud-detection/TransactionID/3123229,1,1
https://ieee-cis-fraud-detection/TransactionID/3123230,1,1
https://ieee-cis-fraud-detection/TransactionID/3123231,1,1
https://ieee-cis-fraud-detection/TransactionID/3123232,1,1
https://ieee-cis-fraud-detection/TransactionID/3123233,1,1
https://ieee-cis-fraud-detection/TransactionID/3123234,1,1
https://ieee-cis-fraud-detection/TransactionID/3123235,1,1
https://ieee-cis-fraud-detection/TransactionID/3123236,1,1
https://ieee-cis-fraud-detection/TransactionID/3123237,1,1
https://ieee-cis-fraud-detection/TransactionID/3123238,1,1
https://ieee-cis-fraud-detection/TransactionID/3123239,1,1
https://ieee-cis-fraud-detection/TransactionID/3123240,1,1
https://ieee-cis-fraud-detection/TransactionID/3123241,1,1
https://ieee-cis-fraud-detection/TransactionID/3123242,1,1
https://ieee-cis-fraud-detection/TransactionID/3123243,1,1
https://ieee-cis-fraud-detection/TransactionID/3123244,1,1
https://ieee-cis-fraud-detection/TransactionID/3123245,1,1
https://ieee-cis-fraud-detection/TransactionID/3123246,1,1
https://ieee-cis-fraud-detection/TransactionID/3123247,1,1
https://ieee-cis-fraud-detection/TransactionID/3123248,1,1
https://ieee-cis-fraud-detection/TransactionID/3123249,1,1
https://ieee-cis-fraud-detection/TransactionID/3123250,1,1
https://ieee-cis-fraud-detection/TransactionID/3123251,1,1
https://ieee-cis-fraud-detection/TransactionID/3123252,1,1
https://ieee-cis-fraud-detection/TransactionID/3123253,1,1
https://ieee-cis-fraud-detection/TransactionID/3123254,1,1
https://ieee-cis-fraud-detection/TransactionID/3123255,1,1
https://ieee-cis-fraud-detection/TransactionID/3123256,1,1
https://ieee-cis-fraud-detection/TransactionID/3123257,1,1
https://ieee-cis-fraud-detection/TransactionID/3123258,1,1
https://ieee-cis-fraud-detection/TransactionID/3123259,1,1
https://ieee-cis-fraud-detection/TransactionID/3123260,1,1
https://ieee-cis-fraud-detection/TransactionID/3123261,1,1
https://ieee-cis-fraud-detection/TransactionID/3123262,1,1
https://ieee-cis-fraud-detection/TransactionID/3123263,1,1
https://ieee-cis-fraud-detection/TransactionID/3123264,1,1
https://ieee-cis-fraud-detection/TransactionID/3123265,1,1
https://ieee-cis-fraud-detection/TransactionID/3123266,1,1
https://ieee-cis-fraud-detection/TransactionID/3123267,1,1
https://ieee-cis-fraud-detection/TransactionID/3123268,1,1
https://ieee-cis-fraud-detection/TransactionID/3123269,1,1
https://ieee-cis-fraud-detection/TransactionID/3123270,1,1
https://ieee-cis-fraud-detection/TransactionID/3123271,1,1
https://ieee-cis-fraud-detection/TransactionID/3123272,1,1
https://ieee-cis-fraud-detection/TransactionID/3123273,1,1
https://ieee-cis-fraud-detection/TransactionID/3123274,1,1
https://ieee-cis-fraud-detection/TransactionID/3123275,1,1
https://ieee-cis-fraud-detection/TransactionID/3123276,1,1
https://ieee-cis-fraud-detection/TransactionID/3123277,1,1
https://ieee-cis-fraud-detection/TransactionID/3123278,1,1
https://ieee-cis-fraud-detection/TransactionID/3123279,1,1
https://ieee-cis-fraud-detection/TransactionID/3123280,1,1
https://ieee-cis-fraud-detection/TransactionID/3123281,1,1
https://ieee-cis-fraud-detection/TransactionID/3123282,1,1
https://ieee-cis-fraud-detection/TransactionID/3123283,1,1
https://ieee-cis-fraud-detection/TransactionID/3123284,1,1
https://ieee-cis-fraud-detection/TransactionID/3123285,1,1
https://ieee-cis-fraud-detection/TransactionID/3123286,1,1
https://ieee-cis-fraud-detection/TransactionID/3123287,1,1
https://ieee-cis-fraud-detection/TransactionID/3123288,1,1
https://ieee-cis-fraud-detection/TransactionID/3123289,1,1
https://ieee-cis-fraud-detection/TransactionID/3123290,1,1
https://ieee-cis-fraud-detection/TransactionID/3123291,1,1
https://ieee-cis-fraud-detection/TransactionID/3123292,1,1
https://ieee-cis-fraud-detection/TransactionID/3123293,1,1
https://ieee-cis-fraud-detection/TransactionID/3123294,1,1
https://ieee-cis-fraud-detection/TransactionID/3123295,1,1
https://ieee-cis-fraud-detection/TransactionID/3123296,1,1
https://ieee-cis-fraud-detection/TransactionID/3123297,1,1
https://ieee-cis-fraud-detection/TransactionID/3123298,1,1
https://ieee-cis-fraud-detection/TransactionID/3123299,1,1
https://ieee-cis-fraud-detection/TransactionID/3123300,1,1
https://ieee-cis-fraud-detection/TransactionID/3123301,1,1
https://ieee-cis-fraud-detection/TransactionID/3123302,1,1
https://ieee-cis-fraud-detection/TransactionID/3123303,1,1
https://ieee-cis-fraud-detection/TransactionID/3123304,1,1
https://ieee-cis-fraud-detection/TransactionID/3123305,1,1
https://ieee-cis-fraud-detection/TransactionID/3123306,1,1
https://ieee-cis-fraud-detection/TransactionID/3123307,1,1
https://ieee-cis-fraud-detection/TransactionID/3123308,1,1
https://ieee-cis-fraud-detection/TransactionID/3123309,1,1
https://ieee-cis-fraud-detection/TransactionID/3123310,1,1
https://ieee-cis-fraud-detection/TransactionID/3123311,1,1
https://ieee-cis-fraud-detection/TransactionID/3123312,1,1
https://ieee-cis-fraud-detection/TransactionID/3123313,1,1
https://ieee-cis-fraud-detection/TransactionID/3123314,1,1
https://ieee-cis-fraud-detection/TransactionID/3123315,1,1
https://ieee-cis-fraud-detection/TransactionID/3123316,1,1
https://ieee-cis-fraud-detection/TransactionID/3123317,1,1
https://ieee-cis-fraud-detection/TransactionID/3123318,1,1
https://ieee-cis-fraud-detection/TransactionID/3123319,1,1
https://ieee-cis-fraud-detection/TransactionID/3123320,1,1
https://ieee-cis-fraud-detection/TransactionID/3123321,1,1
https://ieee-cis-fraud-detection/TransactionID/3123322,1,1
https://ieee-cis-fraud-detection/TransactionID/3123323,1,1
https://ieee-cis-fraud-detection/TransactionID/3123324,1,1
https://ieee-cis-fraud-detection/TransactionID/3123325,1,1
https://ieee-cis-fraud-detection/TransactionID/3123326,1,1
https://ieee-cis-fraud-detection/TransactionID/3123327,1,1
https://ieee-cis-fraud-detection/TransactionID/3123328,1,1
https://ieee-cis-fraud-detection/TransactionID/3123329,1,1
https://ieee-cis-fraud-detection/TransactionID/3123330,1,1
https://ieee-cis-fraud-detection/TransactionID/3123331,1,1
https://ieee-cis-fraud-detection/TransactionID/3123332,1,1
https://ieee-cis-fraud-detection/TransactionID/3123333,1,1
https://ieee-cis-fraud-detection/TransactionID/3123334,1,1
https://ieee-cis-fraud-detection/TransactionID/3123335,1,1
https://ieee-cis-fraud-detection/TransactionID/3123336,1,1
https://ieee-cis-fraud-detection/TransactionID/3123337,1,1
https://ieee-cis-fraud-detection/TransactionID/3123338,1,1
https://ieee-cis-fraud-detection/TransactionID/3123339,1,1
https://ieee-cis-fraud-detection/TransactionID/3123340,1,1
https://ieee-cis-fraud-detection/TransactionID/3123341,1,1
https://ieee-cis-fraud-detection/TransactionID/3123342,1,1
https://ieee-cis-fraud-detection/TransactionID/3123343,1,1
https://ieee-cis-fraud-detection/TransactionID/3123344,1,1
https://ieee-cis-fraud-detection/TransactionID/3123345,1,1
https://ieee-cis-fraud-detection/TransactionID/3123346,1,1
https://ieee-cis-fraud-detection/TransactionID/3123347,1,1
https://ieee-cis-fraud-detection/TransactionID/3123348,1,1
https://ieee-cis-fraud-detection/TransactionID/3123349,1,1
https://ieee-cis-fraud-detection/TransactionID/3123350,1,1
https://ieee-cis-fraud-detection/TransactionID/3123351,1,1
https://ieee-cis-fraud-detection/TransactionID/3123352,1,1
https://ieee-cis-fraud-detection/TransactionID/3123353,1,1
https://ieee-cis-fraud-detection/TransactionID/3123354,1,1
https://ieee-cis-fraud-detection/TransactionID/3123355,1,1
https://ieee-cis-fraud-detection/TransactionID/3123356,1,1
https://ieee-cis-fraud-detection/TransactionID/3123357,1,1
https://ieee-cis-fraud-detection/TransactionID/3123358,1,1
https://ieee-cis-fraud-detection/TransactionID/3123359,1,1
https://ieee-cis-fraud-detection/TransactionID/3123360,1,1
https://ieee-cis-fraud-detection/TransactionID/3123361,1,1
https://ieee-cis-fraud-detection/TransactionID/3123362,1,1
https://ieee-cis-fraud-detection/TransactionID/3123363,1,1
https://ieee-cis-fraud-detection/TransactionID/3123364,1,1
https://ieee-cis-fraud-detection/TransactionID/3123365,1,1
https://ieee-cis-fraud-detection/TransactionID/3123366,1,1
https://ieee-cis-fraud-detection/TransactionID/3123367,1,1
https://ieee-cis-fraud-detection/TransactionID/3123368,1,1
https://ieee-cis-fraud-detection/TransactionID/3123369,1,1
https://ieee-cis-fraud-detection/TransactionID/3123370,1,1
https://ieee-cis-fraud-detection/TransactionID/3123371,1,1
https://ieee-cis-fraud-detection/TransactionID/3123372,1,1
https://ieee-cis-fraud-detection/TransactionID/3123373,1,1
https://ieee-cis-fraud-detection/TransactionID/3123374,1,1
https://ieee-cis-fraud-detection/TransactionID/3123375,1,1
https://ieee-cis-fraud-detection/TransactionID/3123376,1,1
https://ieee-cis-fraud-detection/TransactionID/3123377,1,1
https://ieee-cis-fraud-detection/TransactionID/3123378,1,1
https://ieee-cis-fraud-detection/TransactionID/3123379,1,1
https://ieee-cis-fraud-detection/TransactionID/3123380,1,1
https://ieee-cis-fraud-detection/TransactionID/3123381,1,1
https://ieee-cis-fraud-detection/TransactionID/3123382,1,1
https://ieee-cis-fraud-detection/TransactionID/3123383,1,1
https://ieee-cis-fraud-detection/TransactionID/3123384,1,1
https://ieee-cis-fraud-detection/TransactionID/3123385,1,1
https://ieee-cis-fraud-detection/TransactionID/3123386,1,1
https://ieee-cis-fraud-detection/TransactionID/3123387,1,1
https://ieee-cis-fraud-detection/TransactionID/3123388,1,1
https://ieee-cis-fraud-detection/TransactionID/3123389,1,1
https://ieee-cis-fraud-detection/TransactionID/3123390,1,1
https://ieee-cis-fraud-detection/TransactionID/3123391,1,1
https://ieee-cis-fraud-detection/TransactionID/3123392,1,1
https://ieee-cis-fraud-detection/TransactionID/3123393,1,1
https://ieee-cis-fraud-detection/TransactionID/3123394,1,1
https://ieee-cis-fraud-detection/TransactionID/3123395,1,1
https://ieee-cis-fraud-detection/TransactionID/3123396,1,1
https://ieee-cis-fraud-detection/TransactionID/3123397,1,1
https://ieee-cis-fraud-detection/TransactionID/3123398,1,1
https://ieee-cis-fraud-detection/TransactionID/3123399,1,1
https://ieee-cis-fraud-detection/TransactionID/3123400,1,1
https://ieee-cis-fraud-detection/TransactionID/3123401,1,1
https://ieee-cis-fraud-detection/TransactionID/3123402,1,1
https://ieee-cis-fraud-detection/TransactionID/3123403,1,1
https://ieee-cis-fraud-detection/TransactionID/3123404,1,1
https://ieee-cis-fraud-detection/TransactionID/3123405,1,1
https://ieee-cis-fraud-detection/TransactionID/3123406,1,1
https://ieee-cis-fraud-detection/TransactionID/3123407,1,1
https://ieee-cis-fraud-detection/TransactionID/3123408,1,1
https://ieee-cis-fraud-detection/TransactionID/3123409,1,1
https://ieee-cis-fraud-detection/TransactionID/3123410,1,1
https://ieee-cis-fraud-detection/TransactionID/3123411,1,1
https://ieee-cis-fraud-detection/TransactionID/3123412,1,1
https://ieee-cis-fraud-detection/TransactionID/3123413,1,1
https://ieee-cis-fraud-detection/TransactionID/3123414,1,1
https://ieee-cis-fraud-detection/TransactionID/3123415,1,1
https://ieee-cis-fraud-detection/TransactionID/3123416,1,1
https://ieee-cis-fraud-detection/TransactionID/3123417,1,1
https://ieee-cis-fraud-detection/TransactionID/3123418,1,1
https://ieee-cis-fraud-detection/TransactionID/3123419,1,1
https://ieee-cis-fraud-detection/TransactionID/3123420,1,1
https://ieee-cis-fraud-detection/TransactionID/3123421,1,1
https://ieee-cis-fraud-detection/TransactionID/3123422,1,1
https://ieee-cis-fraud-detection/TransactionID/3123423,1,1
https://ieee-cis-fraud-detection/TransactionID/3123424,1,1
https://ieee-cis-fraud-detection/TransactionID/3123425,1,1
https://ieee-cis-fraud-detection/TransactionID/3123426,1,1
https://ieee-cis-fraud-detection/TransactionID/3123427,1,1
https://ieee-cis-fraud-detection/TransactionID/3123428,1,1
https://ieee-cis-fraud-detection/TransactionID/3123429,1,1
https://ieee-cis-fraud-detection/TransactionID/3123430,1,1
https://ieee-cis-fraud-detection/TransactionID/3123431,1,1
https://ieee-cis-fraud-detection/TransactionID/3123432,1,1
https://ieee-cis-fraud-detection/TransactionID/3123433,1,1
https://ieee-cis-fraud-detection/TransactionID/3123434,1,1
https://ieee-cis-fraud-detection/TransactionID/3123435,1,1
https://ieee-cis-fraud-detection/TransactionID/3123436,1,1
https://ieee-cis-fraud-detection/TransactionID/3123437,1,1
https://ieee-cis-fraud-detection/TransactionID/3123438,1,1
https://ieee-cis-fraud-detection/TransactionID/3123439,1,1
https://ieee-cis-fraud-detection/TransactionID/3123440,1,1
https://ieee-cis-fraud-detection/TransactionID/3123441,1,1
https://ieee-cis-fraud-detection/TransactionID/3123442,1,1
https://ieee-cis-fraud-detection/TransactionID/3123443,1,1
https://ieee-cis-fraud-detection/TransactionID/3123444,1,1
https://ieee-cis-fraud-detection/TransactionID/3123445,1,1
https://ieee-cis-fraud-detection/TransactionID/3123446,1,1
https://ieee-cis-fraud-detection/TransactionID/3123447,1,1
https://ieee-cis-fraud-detection/TransactionID/3123448,1,1
https://ieee-cis-fraud-detection/TransactionID/3123449,1,1
https://ieee-cis-fraud-detection/TransactionID/3123450,1,1
https://ieee-cis-fraud-detection/TransactionID/3123451,1,1
https://ieee-cis-fraud-detection/TransactionID/3123452,1,1
https://ieee-cis-fraud-detection/TransactionID/3123453,1,1
https://ieee-cis-fraud-detection/TransactionID/3123454,1,1
https://ieee-cis-fraud-detection/TransactionID/3123455,1,1
https://ieee-cis-fraud-detection/TransactionID/3123456,1,1
https://ieee-cis-fraud-detection/TransactionID/3123457,1,1
https://ieee-cis-fraud-detection/TransactionID/3123458,1,1
https://ieee-cis-fraud-detection/TransactionID/3123459,1,1
https://ieee-cis-fraud-detection/TransactionID/3123460,1,1
https://ieee-cis-fraud-detection/TransactionID/3123461,1,1
https://ieee-cis-fraud-detection/TransactionID/3123462,1,1
https://ieee-cis-fraud-detection/TransactionID/3123463,1,1
https://ieee-cis-fraud-detection/TransactionID/3123464,1,1
https://ieee-cis-fraud-detection/TransactionID/3123465,1,1
https://ieee-cis-fraud-detection/TransactionID/3123466,1,1
https://ieee-cis-fraud-detection/TransactionID/3123467,1,1
https://ieee-cis-fraud-detection/TransactionID/3123468,1,1
https://ieee-cis-fraud-detection/TransactionID/3123469,1,1
https://ieee-cis-fraud-detection/TransactionID/3123470,1,1
https://ieee-cis-fraud-detection/TransactionID/3123471,1,1
https://ieee-cis-fraud-detection/TransactionID/3123472,1,1
https://ieee-cis-fraud-detection/TransactionID/3123473,1,1
https://ieee-cis-fraud-detection/TransactionID/3123474,1,1
https://ieee-cis-fraud-detection/TransactionID/3123475,1,1
https://ieee-cis-fraud-detection/TransactionID/3123476,1,1
https://ieee-cis-fraud-detection/TransactionID/3123477,1,1
https://ieee-cis-fraud-detection/TransactionID/3123478,1,1
https://ieee-cis-fraud-detection/TransactionID/3123479,1,1
https://ieee-cis-fraud-detection/TransactionID/3123480,1,1
https://ieee-cis-fraud-detection/TransactionID/3123481,1,1
https://ieee-cis-fraud-detection/TransactionID/3123482,1,1
https://ieee-cis-fraud-detection/TransactionID/3123483,1,1
https://ieee-cis-fraud-detection/TransactionID/3123484,1,1
https://ieee-cis-fraud-detection/TransactionID/3123485,1,1
https://ieee-cis-fraud-detection/TransactionID/3123486,1,1
https://ieee-cis-fraud-detection/TransactionID/3123487,1,1
https://ieee-cis-fraud-detection/TransactionID/3123488,1,1
https://ieee-cis-fraud-detection/TransactionID/3123489,1,1
https://ieee-cis-fraud-detection/TransactionID/3123490,1,1
https://ieee-cis-fraud-detection/TransactionID/3123491,1,1
https://ieee-cis-fraud-detection/TransactionID/3123492,1,1
https://ieee-cis-fraud-detection/TransactionID/3123493,1,1
https://ieee-cis-fraud-detection/TransactionID/3123494,1,1
https://ieee-cis-fraud-detection/TransactionID/3123495,1,1
https://ieee-cis-fraud-detection/TransactionID/3123496,1,1
https://ieee-cis-fraud-detection/TransactionID/3123497,1,1
https://ieee-cis-fraud-detection/TransactionID/3123498,1,1
https://ieee-cis-fraud-detection/TransactionID/3123499,1,1
https://ieee-cis-fraud-detection/TransactionID/3123500,1,1
https://ieee-cis-fraud-detection/TransactionID/3123501,1,1
https://ieee-cis-fraud-detection/TransactionID/3123502,1,1
https://ieee-cis-fraud-detection/TransactionID/3123503,1,1
https://ieee-cis-fraud-detection/TransactionID/3123504,1,1
https://ieee-cis-fraud-detection/TransactionID/3123505,1,1
https://ieee-cis-fraud-detection/TransactionID/3123506,1,1
https://ieee-cis-fraud-detection/TransactionID/3123507,1,1
https://ieee-cis-fraud-detection/TransactionID/3123508,1,1
https://ieee-cis-fraud-detection/TransactionID/3123509,1,1
https://ieee-cis-fraud-detection/TransactionID/3123510,1,1
https://ieee-cis-fraud-detection/TransactionID/3123511,1,1
https://ieee-cis-fraud-detection/TransactionID/3123512,1,1
https://ieee-cis-fraud-detection/TransactionID/3123513,1,1
https://ieee-cis-fraud-detection/TransactionID/3123514,1,1
https://ieee-cis-fraud-detection/TransactionID/3123515,1,1
https://ieee-cis-fraud-detection/TransactionID/3123516,1,1
https://ieee-cis-fraud-detection/TransactionID/3123517,1,1
https://ieee-cis-fraud-detection/TransactionID/3123518,1,1
https://ieee-cis-fraud-detection/TransactionID/3123519,1,1
https://ieee-cis-fraud-detection/TransactionID/3123520,1,1
https://ieee-cis-fraud-detection/TransactionID/3123521,1,1
https://ieee-cis-fraud-detection/TransactionID/3123522,1,1
https://ieee-cis-fraud-detection/TransactionID/3123523,1,1
https://ieee-cis-fraud-detection/TransactionID/3123524,1,1
https://ieee-cis-fraud-detection/TransactionID/3123525,1,1
https://ieee-cis-fraud-detection/TransactionID/3123526,1,1
https://ieee-cis-fraud-detection/TransactionID/3123527,1,1
https://ieee-cis-fraud-detection/TransactionID/3123528,1,1
https://ieee-cis-fraud-detection/TransactionID/3123529,1,1
https://ieee-cis-fraud-detection/TransactionID/3123530,1,1
https://ieee-cis-fraud-detection/TransactionID/3123531,1,1
https://ieee-cis-fraud-detection/TransactionID/3123532,1,1
https://ieee-cis-fraud-detection/TransactionID/3123533,1,1
https://ieee-cis-fraud-detection/TransactionID/3123534,1,1
https://ieee-cis-fraud-detection/TransactionID/3123535,1,1
https://ieee-cis-fraud-detection/TransactionID/3123536,1,1
https://ieee-cis-fraud-detection/TransactionID/3123537,1,1
https://ieee-cis-fraud-detection/TransactionID/3123538,1,1
https://ieee-cis-fraud-detection/TransactionID/3123539,1,1
https://ieee-cis-fraud-detection/TransactionID/3123540,1,1
https://ieee-cis-fraud-detection/TransactionID/3123541,1,1
https://ieee-cis-fraud-detection/TransactionID/3123542,1,1
https://ieee-cis-fraud-detection/TransactionID/3123543,1,1
https://ieee-cis-fraud-detection/TransactionID/3123544,1,1
https://ieee-cis-fraud-detection/TransactionID/3123545,1,1
https://ieee-cis-fraud-detection/TransactionID/3123546,1,1
https://ieee-cis-fraud-detection/TransactionID/3123547,1,1
https://ieee-cis-fraud-detection/TransactionID/3123548,1,1
https://ieee-cis-fraud-detection/TransactionID/3123549,1,1
https://ieee-cis-fraud-detection/TransactionID/3123550,1,1
https://ieee-cis-fraud-detection/TransactionID/3123551,1,1
https://ieee-cis-fraud-detection/TransactionID/3123552,1,1
https://ieee-cis-fraud-detection/TransactionID/3123553,1,1
https://ieee-cis-fraud-detection/TransactionID/3123554,1,1
https://ieee-cis-fraud-detection/TransactionID/3123555,1,1
https://ieee-cis-fraud-detection/TransactionID/3123556,1,1
https://ieee-cis-fraud-detection/TransactionID/3123557,1,1
https://ieee-cis-fraud-detection/TransactionID/3123558,1,1
https://ieee-cis-fraud-detection/TransactionID/3123559,1,1
https://ieee-cis-fraud-detection/TransactionID/3123560,1,1
https://ieee-cis-fraud-detection/TransactionID/3123561,1,1
https://ieee-cis-fraud-detection/TransactionID/3123562,1,1
https://ieee-cis-fraud-detection/TransactionID/3123563,1,1
https://ieee-cis-fraud-detection/TransactionID/3123564,1,1
https://ieee-cis-fraud-detection/TransactionID/3123565,1,1
https://ieee-cis-fraud-detection/TransactionID/3123566,1,1
https://ieee-cis-fraud-detection/TransactionID/3123567,1,1
https://ieee-cis-fraud-detection/TransactionID/3123568,1,1
https://ieee-cis-fraud-detection/TransactionID/3123569,1,1
https://ieee-cis-fraud-detection/TransactionID/3123570,1,1
https://ieee-cis-fraud-detection/TransactionID/3123571,1,1
https://ieee-cis-fraud-detection/TransactionID/3123572,1,1
https://ieee-cis-fraud-detection/TransactionID/3123573,1,1
https://ieee-cis-fraud-detection/TransactionID/3123574,1,1
https://ieee-cis-fraud-detection/TransactionID/3123575,1,1
https://ieee-cis-fraud-detection/TransactionID/3123576,1,1
https://ieee-cis-fraud-detection/TransactionID/3123577,1,1
https://ieee-cis-fraud-detection/TransactionID/3123578,1,1
https://ieee-cis-fraud-detection/TransactionID/3123579,1,1
https://ieee-cis-fraud-detection/TransactionID/3123580,1,1
https://ieee-cis-fraud-detection/TransactionID/3123581,1,1
https://ieee-cis-fraud-detection/TransactionID/3123582,1,1
https://ieee-cis-fraud-detection/TransactionID/3123583,1,1
https://ieee-cis-fraud-detection/TransactionID/3123584,1,1
https://ieee-cis-fraud-detection/TransactionID/3123585,1,1
https://ieee-cis-fraud-detection/TransactionID/3123586,1,1
https://ieee-cis-fraud-detection/TransactionID/3123587,1,1
https://ieee-cis-fraud-detection/TransactionID/3123588,1,1
https://ieee-cis-fraud-detection/TransactionID/3123589,1,1
https://ieee-cis-fraud-detection/TransactionID/3123590,1,1
https://ieee-cis-fraud-detection/TransactionID/3123591,1,1
https://ieee-cis-fraud-detection/TransactionID/3123592,1,1
https://ieee-cis-fraud-detection/TransactionID/3123593,1,1
https://ieee-cis-fraud-detection/TransactionID/3123594,1,1
https://ieee-cis-fraud-detection/TransactionID/3123595,1,1
https://ieee-cis-fraud-detection/TransactionID/3123596,1,1
https://ieee-cis-fraud-detection/TransactionID/3123597,1,1
https://ieee-cis-fraud-detection/TransactionID/3123598,1,1
https://ieee-cis-fraud-detection/TransactionID/3123599,1,1
https://ieee-cis-fraud-detection/TransactionID/3123600,1,1
https://ieee-cis-fraud-detection/TransactionID/3123601,1,1
https://ieee-cis-fraud-detection/TransactionID/3123602,1,1
https://ieee-cis-fraud-detection/TransactionID/3123603,1,1
https://ieee-cis-fraud-detection/TransactionID/3123604,1,1
https://ieee-cis-fraud-detection/TransactionID/3123605,1,1
https://ieee-cis-fraud-detection/TransactionID/3123606,1,1
https://ieee-cis-fraud-detection/TransactionID/3123607,1,1
https://ieee-cis-fraud-detection/TransactionID/3123608,1,1
https://ieee-cis-fraud-detection/TransactionID/3123609,1,1
https://ieee-cis-fraud-detection/TransactionID/3123610,1,1
https://ieee-cis-fraud-detection/TransactionID/3123611,1,1
https://ieee-cis-fraud-detection/TransactionID/3123612,1,1
https://ieee-cis-fraud-detection/TransactionID/3123613,1,1
https://ieee-cis-fraud-detection/TransactionID/3123614,1,1
https://ieee-cis-fraud-detection/TransactionID/3123615,1,1
https://ieee-cis-fraud-detection/TransactionID/3123616,1,1
https://ieee-cis-fraud-detection/TransactionID/3123617,1,1
https://ieee-cis-fraud-detection/TransactionID/3123618,1,1
https://ieee-cis-fraud-detection/TransactionID/3123619,1,1
https://ieee-cis-fraud-detection/TransactionID/3123620,1,1
https://ieee-cis-fraud-detection/TransactionID/3123621,1,1
https://ieee-cis-fraud-detection/TransactionID/3123622,1,1
https://ieee-cis-fraud-detection/TransactionID/3123623,1,1
https://ieee-cis-fraud-detection/TransactionID/3123624,1,1
https://ieee-cis-fraud-detection/TransactionID/3123625,1,1
https://ieee-cis-fraud-detection/TransactionID/3123626,1,1
https://ieee-cis-fraud-detection/TransactionID/3123627,1,1
https://ieee-cis-fraud-detection/TransactionID/3123628,1,1
https://ieee-cis-fraud-detection/TransactionID/3123629,1,1
https://ieee-cis-fraud-detection/TransactionID/3123630,1,1
https://ieee-cis-fraud-detection/TransactionID/3123631,1,1
https://ieee-cis-fraud-detection/TransactionID/3123632,1,1
https://ieee-cis-fraud-detection/TransactionID/3123633,1,1
https://ieee-cis-fraud-detection/TransactionID/3123634,1,1
https://ieee-cis-fraud-detection/TransactionID/3123635,1,1
https://ieee-cis-fraud-detection/TransactionID/3123636,1,1
https://ieee-cis-fraud-detection/TransactionID/3123637,1,1
https://ieee-cis-fraud-detection/TransactionID/3123638,1,1
https://ieee-cis-fraud-detection/TransactionID/3123639,1,1
https://ieee-cis-fraud-detection/TransactionID/3123640,1,1
https://ieee-cis-fraud-detection/TransactionID/3123641,1,1
https://ieee-cis-fraud-detection/TransactionID/3123642,1,1
https://ieee-cis-fraud-detection/TransactionID/3123643,1,1
https://ieee-cis-fraud-detection/TransactionID/3123644,1,1
https://ieee-cis-fraud-detection/TransactionID/3123645,1,1
https://ieee-cis-fraud-detection/TransactionID/3123646,1,1
https://ieee-cis-fraud-detection/TransactionID/3123647,1,1
https://ieee-cis-fraud-detection/TransactionID/3123648,1,1
https://ieee-cis-fraud-detection/TransactionID/3123649,1,1
https://ieee-cis-fraud-detection/TransactionID/3123650,1,1
https://ieee-cis-fraud-detection/TransactionID/3123651,1,1
https://ieee-cis-fraud-detection/TransactionID/3123652,1,1
https://ieee-cis-fraud-detection/TransactionID/3123653,1,1
https://ieee-cis-fraud-detection/TransactionID/3123654,1,1
https://ieee-cis-fraud-detection/TransactionID/3123655,1,1
https://ieee-cis-fraud-detection/TransactionID/3123656,1,1
https://ieee-cis-fraud-detection/TransactionID/3123657,1,1
https://ieee-cis-fraud-detection/TransactionID/3123658,1,1
https://ieee-cis-fraud-detection/TransactionID/3123659,1,1
https://ieee-cis-fraud-detection/TransactionID/3123660,1,1
https://ieee-cis-fraud-detection/TransactionID/3123661,1,1
https://ieee-cis-fraud-detection/TransactionID/3123662,1,1
https://ieee-cis-fraud-detection/TransactionID/3123663,1,1
https://ieee-cis-fraud-detection/TransactionID/3123664,1,1
https://ieee-cis-fraud-detection/TransactionID/3123665,1,1
https://ieee-cis-fraud-detection/TransactionID/3123666,1,1
https://ieee-cis-fraud-detection/TransactionID/3123667,1,1
https://ieee-cis-fraud-detection/TransactionID/3123668,1,1
https://ieee-cis-fraud-detection/TransactionID/3123669,1,1
https://ieee-cis-fraud-detection/TransactionID/3123670,1,1
https://ieee-cis-fraud-detection/TransactionID/3123671,1,1
https://ieee-cis-fraud-detection/TransactionID/3123672,1,1
https://ieee-cis-fraud-detection/TransactionID/3123673,1,1
https://ieee-cis-fraud-detection/TransactionID/3123674,1,1
https://ieee-cis-fraud-detection/TransactionID/3123675,1,1
https://ieee-cis-fraud-detection/TransactionID/3123676,1,1
https://ieee-cis-fraud-detection/TransactionID/3123677,1,1
https://ieee-cis-fraud-detection/TransactionID/3123678,1,1
https://ieee-cis-fraud-detection/TransactionID/3123679,1,1
https://ieee-cis-fraud-detection/TransactionID/3123680,1,1
https://ieee-cis-fraud-detection/TransactionID/3123681,1,1
https://ieee-cis-fraud-detection/TransactionID/3123682,1,1
https://ieee-cis-fraud-detection/TransactionID/3123683,1,1
https://ieee-cis-fraud-detection/TransactionID/3123684,1,1
https://ieee-cis-fraud-detection/TransactionID/3123685,1,1
https://ieee-cis-fraud-detection/TransactionID/3123686,1,1
https://ieee-cis-fraud-detection/TransactionID/3123687,1,1
https://ieee-cis-fraud-detection/TransactionID/3123688,1,1
https://ieee-cis-fraud-detection/TransactionID/3123689,1,1
https://ieee-cis-fraud-detection/TransactionID/3123690,1,1
https://ieee-cis-fraud-detection/TransactionID/3123691,1,1
https://ieee-cis-fraud-detection/TransactionID/3123692,1,1
https://ieee-cis-fraud-detection/TransactionID/3123693,1,1
https://ieee-cis-fraud-detection/TransactionID/3123694,1,1
https://ieee-cis-fraud-detection/TransactionID/3123695,1,1
https://ieee-cis-fraud-detection/TransactionID/3123696,1,1
https://ieee-cis-fraud-detection/TransactionID/3123697,1,1
https://ieee-cis-fraud-detection/TransactionID/3123698,1,1
https://ieee-cis-fraud-detection/TransactionID/3123699,1,1
https://ieee-cis-fraud-detection/TransactionID/3123700,1,1
https://ieee-cis-fraud-detection/TransactionID/3123701,1,1
https://ieee-cis-fraud-detection/TransactionID/3123702,1,1
https://ieee-cis-fraud-detection/TransactionID/3123703,1,1
https://ieee-cis-fraud-detection/TransactionID/3123704,1,1
https://ieee-cis-fraud-detection/TransactionID/3123705,1,1
https://ieee-cis-fraud-detection/TransactionID/3123706,1,1
https://ieee-cis-fraud-detection/TransactionID/3123707,1,1
https://ieee-cis-fraud-detection/TransactionID/3123708,1,1
https://ieee-cis-fraud-detection/TransactionID/3123709,1,1
https://ieee-cis-fraud-detection/TransactionID/3123710,1,1
https://ieee-cis-fraud-detection/TransactionID/3123711,1,1
https://ieee-cis-fraud-detection/TransactionID/3123712,1,1
https://ieee-cis-fraud-detection/TransactionID/3123713,1,1
https://ieee-cis-fraud-detection/TransactionID/3123714,1,1
https://ieee-cis-fraud-detection/TransactionID/3123715,1,1
https://ieee-cis-fraud-detection/TransactionID/3123716,1,1
https://ieee-cis-fraud-detection/TransactionID/3123717,1,1
https://ieee-cis-fraud-detection/TransactionID/3123718,1,1
https://ieee-cis-fraud-detection/TransactionID/3123719,1,1
https://ieee-cis-fraud-detection/TransactionID/3123720,1,1
https://ieee-cis-fraud-detection/TransactionID/3123721,1,1
https://ieee-cis-fraud-detection/TransactionID/3123722,1,1
https://ieee-cis-fraud-detection/TransactionID/3123723,1,1
https://ieee-cis-fraud-detection/TransactionID/3123724,1,1
https://ieee-cis-fraud-detection/TransactionID/3123725,1,1
https://ieee-cis-fraud-detection/TransactionID/3123726,1,1
https://ieee-cis-fraud-detection/TransactionID/3123727,1,1
https://ieee-cis-fraud-detection/TransactionID/3123728,1,1
https://ieee-cis-fraud-detection/TransactionID/3123729,1,1
https://ieee-cis-fraud-detection/TransactionID/3123730,1,1
https://ieee-cis-fraud-detection/TransactionID/3123731,1,1
https://ieee-cis-fraud-detection/TransactionID/3123732,1,1
https://ieee-cis-fraud-detection/TransactionID/3123733,1,1
https://ieee-cis-fraud-detection/TransactionID/3123734,1,1
https://ieee-cis-fraud-detection/TransactionID/3123735,1,1
https://ieee-cis-fraud-detection/TransactionID/3123736,1,1
https://ieee-cis-fraud-detection/TransactionID/3123737,1,1
https://ieee-cis-fraud-detection/TransactionID/3123738,1,1
https://ieee-cis-fraud-detection/TransactionID/3123739,1,1
https://ieee-cis-fraud-detection/TransactionID/3123740,1,1
https://ieee-cis-fraud-detection/TransactionID/3123741,1,1
https://ieee-cis-fraud-detection/TransactionID/3123742,1,1
https://ieee-cis-fraud-detection/TransactionID/3123743,1,1
https://ieee-cis-fraud-detection/TransactionID/3123744,1,1
https://ieee-cis-fraud-detection/TransactionID/3123745,1,1
https://ieee-cis-fraud-detection/TransactionID/3123746,1,1
https://ieee-cis-fraud-detection/TransactionID/3123747,1,1
https://ieee-cis-fraud-detection/TransactionID/3123748,1,1
https://ieee-cis-fraud-detection/TransactionID/3123749,1,1
https://ieee-cis-fraud-detection/TransactionID/3123750,1,1
https://ieee-cis-fraud-detection/TransactionID/3123751,1,1
https://ieee-cis-fraud-detection/TransactionID/3123752,1,1
https://ieee-cis-fraud-detection/TransactionID/3123753,1,1
https://ieee-cis-fraud-detection/TransactionID/3123754,1,1
https://ieee-cis-fraud-detection/TransactionID/3123755,1,1
https://ieee-cis-fraud-detection/TransactionID/3123756,1,1
https://ieee-cis-fraud-detection/TransactionID/3123757,1,1
https://ieee-cis-fraud-detection/TransactionID/3123758,1,1
https://ieee-cis-fraud-detection/TransactionID/3123759,1,1
https://ieee-cis-fraud-detection/TransactionID/3123760,1,1
https://ieee-cis-fraud-detection/TransactionID/3123761,1,1
https://ieee-cis-fraud-detection/TransactionID/3123762,1,1
https://ieee-cis-fraud-detection/TransactionID/3123763,1,1
https://ieee-cis-fraud-detection/TransactionID/3123764,1,1
https://ieee-cis-fraud-detection/TransactionID/3123765,1,1
https://ieee-cis-fraud-detection/TransactionID/3123766,1,1
https://ieee-cis-fraud-detection/TransactionID/3123767,1,1
https://ieee-cis-fraud-detection/TransactionID/3123768,1,1
https://ieee-cis-fraud-detection/TransactionID/3123769,1,1
https://ieee-cis-fraud-detection/TransactionID/3123770,1,1
https://ieee-cis-fraud-detection/TransactionID/3123771,1,1
https://ieee-cis-fraud-detection/TransactionID/3123772,1,1
https://ieee-cis-fraud-detection/TransactionID/3123773,1,1
https://ieee-cis-fraud-detection/TransactionID/3123774,1,1
https://ieee-cis-fraud-detection/TransactionID/3123775,1,1
https://ieee-cis-fraud-detection/TransactionID/3123776,1,1
https://ieee-cis-fraud-detection/TransactionID/3123777,1,1
https://ieee-cis-fraud-detection/TransactionID/3123778,1,1
https://ieee-cis-fraud-detection/TransactionID/3123779,1,1
https://ieee-cis-fraud-detection/TransactionID/3123780,1,1
https://ieee-cis-fraud-detection/TransactionID/3123781,1,1
https://ieee-cis-fraud-detection/TransactionID/3123782,1,1
https://ieee-cis-fraud-detection/TransactionID/3123783,1,1
https://ieee-cis-fraud-detection/TransactionID/3123784,1,1
https://ieee-cis-fraud-detection/TransactionID/3123785,1,1
https://ieee-cis-fraud-detection/TransactionID/3123786,1,1
https://ieee-cis-fraud-detection/TransactionID/3123787,1,1
https://ieee-cis-fraud-detection/TransactionID/3123788,1,1
https://ieee-cis-fraud-detection/TransactionID/3123789,1,1
https://ieee-cis-fraud-detection/TransactionID/3123790,1,1
https://ieee-cis-fraud-detection/TransactionID/3123791,1,1
https://ieee-cis-fraud-detection/TransactionID/3123792,1,1
https://ieee-cis-fraud-detection/TransactionID/3123793,1,1
https://ieee-cis-fraud-detection/TransactionID/3123794,1,1
https://ieee-cis-fraud-detection/TransactionID/3123795,1,1
https://ieee-cis-fraud-detection/TransactionID/3123796,1,1
https://ieee-cis-fraud-detection/TransactionID/3123797,1,1
https://ieee-cis-fraud-detection/TransactionID/3123798,1,1
https://ieee-cis-fraud-detection/TransactionID/3123799,1,1
https://ieee-cis-fraud-detection/TransactionID/3123800,1,1
https://ieee-cis-fraud-detection/TransactionID/3123801,1,1
https://ieee-cis-fraud-detection/TransactionID/3123802,1,1
https://ieee-cis-fraud-detection/TransactionID/3123803,1,1
https://ieee-cis-fraud-detection/TransactionID/3123804,1,1
https://ieee-cis-fraud-detection/TransactionID/3123805,1,1
https://ieee-cis-fraud-detection/TransactionID/3123806,1,1
https://ieee-cis-fraud-detection/TransactionID/3123807,1,1
https://ieee-cis-fraud-detection/TransactionID/3123808,1,1
https://ieee-cis-fraud-detection/TransactionID/3123809,1,1
https://ieee-cis-fraud-detection/TransactionID/3123810,1,1
https://ieee-cis-fraud-detection/TransactionID/3123811,1,1
https://ieee-cis-fraud-detection/TransactionID/3123812,1,1
https://ieee-cis-fraud-detection/TransactionID/3123813,1,1
https://ieee-cis-fraud-detection/TransactionID/3123814,1,1
https://ieee-cis-fraud-detection/TransactionID/3123815,1,1
https://ieee-cis-fraud-detection/TransactionID/3123816,1,1
https://ieee-cis-fraud-detection/TransactionID/3123817,1,1
https://ieee-cis-fraud-detection/TransactionID/3123818,1,1
https://ieee-cis-fraud-detection/TransactionID/3123819,1,1
https://ieee-cis-fraud-detection/TransactionID/3123820,1,1
https://ieee-cis-fraud-detection/TransactionID/3123821,1,1
https://ieee-cis-fraud-detection/TransactionID/3123822,1,1
https://ieee-cis-fraud-detection/TransactionID/3123823,1,1
https://ieee-cis-fraud-detection/TransactionID/3123824,1,1
https://ieee-cis-fraud-detection/TransactionID/3123825,1,1
https://ieee-cis-fraud-detection/TransactionID/3123826,1,1
https://ieee-cis-fraud-detection/TransactionID/3123827,1,1
https://ieee-cis-fraud-detection/TransactionID/3123828,1,1
https://ieee-cis-fraud-detection/TransactionID/3123829,1,1
https://ieee-cis-fraud-detection/TransactionID/3123830,1,1
https://ieee-cis-fraud-detection/TransactionID/3123831,1,1
https://ieee-cis-fraud-detection/TransactionID/3123832,1,1
https://ieee-cis-fraud-detection/TransactionID/3123833,1,1
https://ieee-cis-fraud-detection/TransactionID/3123834,1,1
https://ieee-cis-fraud-detection/TransactionID/3123835,1,1
https://ieee-cis-fraud-detection/TransactionID/3123836,1,1
https://ieee-cis-fraud-detection/TransactionID/3123837,1,1
https://ieee-cis-fraud-detection/TransactionID/3123838,1,1
https://ieee-cis-fraud-detection/TransactionID/3123839,1,1
https://ieee-cis-fraud-detection/TransactionID/3123840,1,1
https://ieee-cis-fraud-detection/TransactionID/3123841,1,1
https://ieee-cis-fraud-detection/TransactionID/3123842,1,1
https://ieee-cis-fraud-detection/TransactionID/3123843,1,1
https://ieee-cis-fraud-detection/TransactionID/3123844,1,1
https://ieee-cis-fraud-detection/TransactionID/3123845,1,1
https://ieee-cis-fraud-detection/TransactionID/3123846,1,1
https://ieee-cis-fraud-detection/TransactionID/3123847,1,1
https://ieee-cis-fraud-detection/TransactionID/3123848,1,1
https://ieee-cis-fraud-detection/TransactionID/3123849,1,1
https://ieee-cis-fraud-detection/TransactionID/3123850,1,1
https://ieee-cis-fraud-detection/TransactionID/3123851,1,1
https://ieee-cis-fraud-detection/TransactionID/3123852,1,1
https://ieee-cis-fraud-detection/TransactionID/3123853,1,1
https://ieee-cis-fraud-detection/TransactionID/3123854,1,1
https://ieee-cis-fraud-detection/TransactionID/3123855,1,1
https://ieee-cis-fraud-detection/TransactionID/3123856,1,1
https://ieee-cis-fraud-detection/TransactionID/3123857,1,1
https://ieee-cis-fraud-detection/TransactionID/3123858,1,1
https://ieee-cis-fraud-detection/TransactionID/3123859,1,1
https://ieee-cis-fraud-detection/TransactionID/3123860,1,1
https://ieee-cis-fraud-detection/TransactionID/3123861,1,1
https://ieee-cis-fraud-detection/TransactionID/3123862,1,1
https://ieee-cis-fraud-detection/TransactionID/3123863,1,1
https://ieee-cis-fraud-detection/TransactionID/3123864,1,1
https://ieee-cis-fraud-detection/TransactionID/3123865,1,1
https://ieee-cis-fraud-detection/TransactionID/3123866,1,1
https://ieee-cis-fraud-detection/TransactionID/3123867,1,1
https://ieee-cis-fraud-detection/TransactionID/3123868,1,1
https://ieee-cis-fraud-detection/TransactionID/3123869,1,1
https://ieee-cis-fraud-detection/TransactionID/3123870,1,1
https://ieee-cis-fraud-detection/TransactionID/3123871,1,1
https://ieee-cis-fraud-detection/TransactionID/3123872,1,1
https://ieee-cis-fraud-detection/TransactionID/3123873,1,1
https://ieee-cis-fraud-detection/TransactionID/3123874,1,1
https://ieee-cis-fraud-detection/TransactionID/3123875,1,1
https://ieee-cis-fraud-detection/TransactionID/3123876,1,1
https://ieee-cis-fraud-detection/TransactionID/3123877,1,1
https://ieee-cis-fraud-detection/TransactionID/3123878,1,1
https://ieee-cis-fraud-detection/TransactionID/3123879,1,1
https://ieee-cis-fraud-detection/TransactionID/3123880,1,1
https://ieee-cis-fraud-detection/TransactionID/3123881,1,1
https://ieee-cis-fraud-detection/TransactionID/3123882,1,1
https://ieee-cis-fraud-detection/TransactionID/3123883,1,1
https://ieee-cis-fraud-detection/TransactionID/3123884,1,1
https://ieee-cis-fraud-detection/TransactionID/3123885,1,1
https://ieee-cis-fraud-detection/TransactionID/3123886,1,1
https://ieee-cis-fraud-detection/TransactionID/3123887,1,1
https://ieee-cis-fraud-detection/TransactionID/3123888,1,1
https://ieee-cis-fraud-detection/TransactionID/3123889,1,1
https://ieee-cis-fraud-detection/TransactionID/3123890,1,1
https://ieee-cis-fraud-detection/TransactionID/3123891,1,1
https://ieee-cis-fraud-detection/TransactionID/3123892,1,1
https://ieee-cis-fraud-detection/TransactionID/3123893,1,1
https://ieee-cis-fraud-detection/TransactionID/3123894,1,1
https://ieee-cis-fraud-detection/TransactionID/3123895,1,1
https://ieee-cis-fraud-detection/TransactionID/3123896,1,1
https://ieee-cis-fraud-detection/TransactionID/3123897,1,1
https://ieee-cis-fraud-detection/TransactionID/3123898,1,1
https://ieee-cis-fraud-detection/TransactionID/3123899,1,1
https://ieee-cis-fraud-detection/TransactionID/3123900,1,1
https://ieee-cis-fraud-detection/TransactionID/3123901,1,1
https://ieee-cis-fraud-detection/TransactionID/3123902,1,1
https://ieee-cis-fraud-detection/TransactionID/3123903,1,1
https://ieee-cis-fraud-detection/TransactionID/3123904,1,1
https://ieee-cis-fraud-detection/TransactionID/3123905,1,1
https://ieee-cis-fraud-detection/TransactionID/3123906,1,1
https://ieee-cis-fraud-detection/TransactionID/3123907,1,1
https://ieee-cis-fraud-detection/TransactionID/3123908,1,1
https://ieee-cis-fraud-detection/TransactionID/3123909,1,1
https://ieee-cis-fraud-detection/TransactionID/3123910,1,1
https://ieee-cis-fraud-detection/TransactionID/3123911,1,1
https://ieee-cis-fraud-detection/TransactionID/3123912,1,1
https://ieee-cis-fraud-detection/TransactionID/3123913,1,1
https://ieee-cis-fraud-detection/TransactionID/3123914,1,1
https://ieee-cis-fraud-detection/TransactionID/3123915,1,1
https://ieee-cis-fraud-detection/TransactionID/3123916,1,1
https://ieee-cis-fraud-detection/TransactionID/3123917,1,1
https://ieee-cis-fraud-detection/TransactionID/3123918,1,1
https://ieee-cis-fraud-detection/TransactionID/3123919,1,1
https://ieee-cis-fraud-detection/TransactionID/3123920,1,1
https://ieee-cis-fraud-detection/TransactionID/3123921,1,1
https://ieee-cis-fraud-detection/TransactionID/3123922,1,1
https://ieee-cis-fraud-detection/TransactionID/3123923,1,1
https://ieee-cis-fraud-detection/TransactionID/3123924,1,1
https://ieee-cis-fraud-detection/TransactionID/3123925,1,1
https://ieee-cis-fraud-detection/TransactionID/3123926,1,1
https://ieee-cis-fraud-detection/TransactionID/3123927,1,1
https://ieee-cis-fraud-detection/TransactionID/3123928,1,1
https://ieee-cis-fraud-detection/TransactionID/3123929,1,1
https://ieee-cis-fraud-detection/TransactionID/3123930,1,1
https://ieee-cis-fraud-detection/TransactionID/3123931,1,1
https://ieee-cis-fraud-detection/TransactionID/3123932,1,1
https://ieee-cis-fraud-detection/TransactionID/3123933,1,1
https://ieee-cis-fraud-detection/TransactionID/3123934,1,1
https://ieee-cis-fraud-detection/TransactionID/3123935,1,1
https://ieee-cis-fraud-detection/TransactionID/3123936,1,1
https://ieee-cis-fraud-detection/TransactionID/3123937,1,1
https://ieee-cis-fraud-detection/TransactionID/3123938,1,1
https://ieee-cis-fraud-detection/TransactionID/3123939,1,1
https://ieee-cis-fraud-detection/TransactionID/3123940,1,1
https://ieee-cis-fraud-detection/TransactionID/3123941,1,1
https://ieee-cis-fraud-detection/TransactionID/3123942,1,1
https://ieee-cis-fraud-detection/TransactionID/3123943,1,1
https://ieee-cis-fraud-detection/TransactionID/3123944,1,1
https://ieee-cis-fraud-detection/TransactionID/3123945,1,1
https://ieee-cis-fraud-detection/TransactionID/3123946,1,1
https://ieee-cis-fraud-detection/TransactionID/3123947,1,1
https://ieee-cis-fraud-detection/TransactionID/3123948,1,1
https://ieee-cis-fraud-detection/TransactionID/3123949,1,1
https://ieee-cis-fraud-detection/TransactionID/3123950,1,1
https://ieee-cis-fraud-detection/TransactionID/3123951,1,1
https://ieee-cis-fraud-detection/TransactionID/3123952,1,1
https://ieee-cis-fraud-detection/TransactionID/3123953,1,1
https://ieee-cis-fraud-detection/TransactionID/3123954,1,1
https://ieee-cis-fraud-detection/TransactionID/3123955,1,1
https://ieee-cis-fraud-detection/TransactionID/3123956,1,1
https://ieee-cis-fraud-detection/TransactionID/3123957,1,1
https://ieee-cis-fraud-detection/TransactionID/3123958,1,1
https://ieee-cis-fraud-detection/TransactionID/3123959,1,1
https://ieee-cis-fraud-detection/TransactionID/3123960,1,1
https://ieee-cis-fraud-detection/TransactionID/3123961,1,1
https://ieee-cis-fraud-detection/TransactionID/3123962,1,1
https://ieee-cis-fraud-detection/TransactionID/3123963,1,1
https://ieee-cis-fraud-detection/TransactionID/3123964,1,1
https://ieee-cis-fraud-detection/TransactionID/3123965,1,1
https://ieee-cis-fraud-detection/TransactionID/3123966,1,1
https://ieee-cis-fraud-detection/TransactionID/3123967,1,1
https://ieee-cis-fraud-detection/TransactionID/3123968,1,1
https://ieee-cis-fraud-detection/TransactionID/3123969,1,1
https://ieee-cis-fraud-detection/TransactionID/3123970,1,1
https://ieee-cis-fraud-detection/TransactionID/3123971,1,1
https://ieee-cis-fraud-detection/TransactionID/3123972,1,1
https://ieee-cis-fraud-detection/TransactionID/3123973,1,1
https://ieee-cis-fraud-detection/TransactionID/3123974,1,1
https://ieee-cis-fraud-detection/TransactionID/3123975,1,1
https://ieee-cis-fraud-detection/TransactionID/3123976,1,1
https://ieee-cis-fraud-detection/TransactionID/3123977,1,1
https://ieee-cis-fraud-detection/TransactionID/3123978,1,1
https://ieee-cis-fraud-detection/TransactionID/3123979,1,1
https://ieee-cis-fraud-detection/TransactionID/3123980,1,1
https://ieee-cis-fraud-detection/TransactionID/3123981,1,1
https://ieee-cis-fraud-detection/TransactionID/3123982,1,1
https://ieee-cis-fraud-detection/TransactionID/3123983,1,1
https://ieee-cis-fraud-detection/TransactionID/3123984,1,1
https://ieee-cis-fraud-detection/TransactionID/3123985,1,1
https://ieee-cis-fraud-detection/TransactionID/3123986,1,1
https://ieee-cis-fraud-detection/TransactionID/3123987,1,1
https://ieee-cis-fraud-detection/TransactionID/3123988,1,1
https://ieee-cis-fraud-detection/TransactionID/3123989,1,1
https://ieee-cis-fraud-detection/TransactionID/3123990,1,1
https://ieee-cis-fraud-detection/TransactionID/3123991,1,1
https://ieee-cis-fraud-detection/TransactionID/3123992,1,1
https://ieee-cis-fraud-detection/TransactionID/3123993,1,1
https://ieee-cis-fraud-detection/TransactionID/3123994,1,1
https://ieee-cis-fraud-detection/TransactionID/3123995,1,1
https://ieee-cis-fraud-detection/TransactionID/3123996,1,1
https://ieee-cis-fraud-detection/TransactionID/3123997,1,1
https://ieee-cis-fraud-detection/TransactionID/3123998,1,1
https://ieee-cis-fraud-detection/TransactionID/3123999,1,1
https://ieee-cis-fraud-detection/TransactionID/3124000,1,1
https://ieee-cis-fraud-detection/TransactionID/3124001,1,1
https://ieee-cis-fraud-detection/TransactionID/3124002,1,1
https://ieee-cis-fraud-detection/TransactionID/3124003,1,1
https://ieee-cis-fraud-detection/TransactionID/3124004,1,1
https://ieee-cis-fraud-detection/TransactionID/3124005,1,1
https://ieee-cis-fraud-detection/TransactionID/3124006,1,1
https://ieee-cis-fraud-detection/TransactionID/3124007,1,1
https://ieee-cis-fraud-detection/TransactionID/3124008,1,1
https://ieee-cis-fraud-detection/TransactionID/3124009,1,1
https://ieee-cis-fraud-detection/TransactionID/3124010,1,1
https://ieee-cis-fraud-detection/TransactionID/3124011,1,1
https://ieee-cis-fraud-detection/TransactionID/3124012,1,1
https://ieee-cis-fraud-detection/TransactionID/3124013,1,1
https://ieee-cis-fraud-detection/TransactionID/3124014,1,1
https://ieee-cis-fraud-detection/TransactionID/3124015,1,1
https://ieee-cis-fraud-detection/TransactionID/3124016,1,1
https://ieee-cis-fraud-detection/TransactionID/3124017,1,1
https://ieee-cis-fraud-detection/TransactionID/3124018,1,1
https://ieee-cis-fraud-detection/TransactionID/3124019,1,1
