author,affiliation
https://dblp.org/pid/155/7498,1.0
https://dblp.org/pid/180/0001,1.0
https://dblp.org/pid/180/0002,1.0
https://dblp.org/pid/180/0003,1.0
https://dblp.org/pid/180/0004,1.0
https://dblp.org/pid/180/0009,1.0
https://dblp.org/pid/180/0011,1.0
https://dblp.org/pid/180/0012,1.0
https://dblp.org/pid/180/0014,1.0
https://dblp.org/pid/180/0015,1.0
https://dblp.org/pid/180/0016,1.0
https://dblp.org/pid/180/0017,1.0
https://dblp.org/pid/180/0018,1.0
https://dblp.org/pid/180/0019,1.0
https://dblp.org/pid/180/0020,1.0
https://dblp.org/pid/180/0021,1.0
https://dblp.org/pid/180/0022,1.0
https://dblp.org/pid/180/0024,1.0
https://dblp.org/pid/180/0025,1.0
https://dblp.org/pid/180/0026,1.0
https://dblp.org/pid/180/0030,1.0
https://dblp.org/pid/180/0031,1.0
https://dblp.org/pid/180/0033,1.0
https://dblp.org/pid/180/0034,1.0
https://dblp.org/pid/180/0035,1.0
https://dblp.org/pid/180/0037,1.0
https://dblp.org/pid/180/0039,1.0
https://dblp.org/pid/180/0040,1.0
https://dblp.org/pid/180/0043,1.0
https://dblp.org/pid/180/0044,1.0
https://dblp.org/pid/180/0045,1.0
https://dblp.org/pid/180/0046,1.0
https://dblp.org/pid/180/0047,1.0
https://dblp.org/pid/180/0048,1.0
https://dblp.org/pid/180/0049,1.0
https://dblp.org/pid/180/0050,1.0
https://dblp.org/pid/180/0051,1.0
https://dblp.org/pid/180/0052,1.0
https://dblp.org/pid/180/0053,1.0
https://dblp.org/pid/180/0055,1.0
https://dblp.org/pid/180/0057,1.0
https://dblp.org/pid/180/0058,1.0
https://dblp.org/pid/180/0059,1.0
https://dblp.org/pid/180/0060,1.0
https://dblp.org/pid/180/0062,1.0
https://dblp.org/pid/180/0064,1.0
https://dblp.org/pid/180/0065,1.0
https://dblp.org/pid/180/0066,1.0
https://dblp.org/pid/180/0067,1.0
https://dblp.org/pid/180/0068,1.0
https://dblp.org/pid/180/0069,1.0
https://dblp.org/pid/180/0072,1.0
https://dblp.org/pid/180/0075,1.0
https://dblp.org/pid/180/0076,1.0
https://dblp.org/pid/180/0077,1.0
https://dblp.org/pid/180/0078,1.0
https://dblp.org/pid/180/0080,1.0
https://dblp.org/pid/180/0081,1.0
https://dblp.org/pid/180/0082,1.0
https://dblp.org/pid/180/0083,1.0
https://dblp.org/pid/180/0084,1.0
https://dblp.org/pid/180/0085,1.0
https://dblp.org/pid/180/0086,1.0
https://dblp.org/pid/180/0088,1.0
https://dblp.org/pid/180/0089,1.0
https://dblp.org/pid/180/0090,1.0
https://dblp.org/pid/180/0091,1.0
https://dblp.org/pid/180/0092,1.0
https://dblp.org/pid/180/0093,1.0
https://dblp.org/pid/180/0095,1.0
https://dblp.org/pid/180/0098,1.0
https://dblp.org/pid/180/0099,1.0
https://dblp.org/pid/180/0100,1.0
https://dblp.org/pid/180/0102,1.0
https://dblp.org/pid/180/0103,1.0
https://dblp.org/pid/180/0104,1.0
https://dblp.org/pid/180/0106,1.0
https://dblp.org/pid/180/0107,1.0
https://dblp.org/pid/180/0109,1.0
https://dblp.org/pid/180/0110,1.0
https://dblp.org/pid/180/0113,1.0
https://dblp.org/pid/180/0114,1.0
https://dblp.org/pid/180/0115,1.0
https://dblp.org/pid/180/0116,1.0
https://dblp.org/pid/180/0117,1.0
https://dblp.org/pid/180/0118,1.0
https://dblp.org/pid/180/0122,1.0
https://dblp.org/pid/180/0123,1.0
https://dblp.org/pid/180/0124,1.0
https://dblp.org/pid/180/0125,1.0
https://dblp.org/pid/180/0126,1.0
https://dblp.org/pid/180/0127,1.0
https://dblp.org/pid/180/0128,1.0
https://dblp.org/pid/180/0129,1.0
https://dblp.org/pid/180/0130,1.0
https://dblp.org/pid/180/0131,1.0
https://dblp.org/pid/180/0132,1.0
https://dblp.org/pid/180/0133,1.0
https://dblp.org/pid/180/0134,1.0
https://dblp.org/pid/180/0137,1.0
https://dblp.org/pid/180/0138,2.0
https://dblp.org/pid/180/0139,2.0
https://dblp.org/pid/180/0140,2.0
https://dblp.org/pid/180/0141,2.0
https://dblp.org/pid/180/0142,2.0
https://dblp.org/pid/180/0143,2.0
https://dblp.org/pid/180/0144,2.0
https://dblp.org/pid/180/0146,2.0
https://dblp.org/pid/180/0147,2.0
https://dblp.org/pid/180/0148,2.0
https://dblp.org/pid/180/0149,2.0
https://dblp.org/pid/180/0150,2.0
https://dblp.org/pid/180/0151,2.0
https://dblp.org/pid/180/0154,2.0
https://dblp.org/pid/180/0155,2.0
https://dblp.org/pid/180/0156,2.0
https://dblp.org/pid/180/0157,2.0
https://dblp.org/pid/180/0158,2.0
https://dblp.org/pid/180/0159,2.0
https://dblp.org/pid/180/0160,2.0
https://dblp.org/pid/180/0161,2.0
https://dblp.org/pid/180/0162,2.0
https://dblp.org/pid/180/0164,2.0
https://dblp.org/pid/180/0167,2.0
https://dblp.org/pid/180/0168,2.0
https://dblp.org/pid/180/0169,2.0
https://dblp.org/pid/180/0171,2.0
https://dblp.org/pid/180/0172,2.0
https://dblp.org/pid/180/0173,2.0
https://dblp.org/pid/180/0174,2.0
https://dblp.org/pid/180/0175,2.0
https://dblp.org/pid/180/0176,2.0
https://dblp.org/pid/180/0178,2.0
https://dblp.org/pid/180/0179,2.0
https://dblp.org/pid/180/0180,2.0
https://dblp.org/pid/180/0181,2.0
https://dblp.org/pid/180/0182,2.0
https://dblp.org/pid/180/0184,2.0
https://dblp.org/pid/180/0185,2.0
https://dblp.org/pid/180/0187,2.0
https://dblp.org/pid/180/0188,2.0
https://dblp.org/pid/180/0189,2.0
https://dblp.org/pid/180/0190,2.0
https://dblp.org/pid/180/0191,2.0
https://dblp.org/pid/180/0194,2.0
https://dblp.org/pid/180/0196,2.0
https://dblp.org/pid/180/0197,2.0
https://dblp.org/pid/180/0198,2.0
https://dblp.org/pid/180/0199,2.0
https://dblp.org/pid/180/0200,2.0
https://dblp.org/pid/180/0201,2.0
https://dblp.org/pid/180/0202,2.0
https://dblp.org/pid/180/0204,2.0
https://dblp.org/pid/180/0205,2.0
https://dblp.org/pid/180/0206,2.0
https://dblp.org/pid/180/0207,2.0
https://dblp.org/pid/180/0208,2.0
https://dblp.org/pid/180/0209,2.0
https://dblp.org/pid/180/0210,2.0
https://dblp.org/pid/180/0211,2.0
https://dblp.org/pid/180/0212,2.0
https://dblp.org/pid/180/0213,2.0
https://dblp.org/pid/180/0214,2.0
https://dblp.org/pid/180/0215,2.0
https://dblp.org/pid/180/0216,2.0
https://dblp.org/pid/180/0217,2.0
https://dblp.org/pid/180/0218,2.0
https://dblp.org/pid/180/0219,2.0
https://dblp.org/pid/180/0220,2.0
https://dblp.org/pid/180/0221,2.0
https://dblp.org/pid/180/0222,2.0
https://dblp.org/pid/180/0223,2.0
https://dblp.org/pid/180/0224,2.0
https://dblp.org/pid/180/0227,2.0
https://dblp.org/pid/180/0228,2.0
https://dblp.org/pid/180/0229,2.0
https://dblp.org/pid/180/0231,2.0
https://dblp.org/pid/180/0233,2.0
https://dblp.org/pid/180/0234,2.0
https://dblp.org/pid/180/0235,2.0
https://dblp.org/pid/180/0236,2.0
https://dblp.org/pid/180/0238,2.0
https://dblp.org/pid/180/0239,2.0
https://dblp.org/pid/180/0240,2.0
https://dblp.org/pid/180/0241,2.0
https://dblp.org/pid/180/0243,2.0
https://dblp.org/pid/180/0244,2.0
https://dblp.org/pid/180/0245,2.0
https://dblp.org/pid/180/0246,2.0
https://dblp.org/pid/180/0247,2.0
https://dblp.org/pid/180/0248,2.0
https://dblp.org/pid/180/0249,2.0
https://dblp.org/pid/180/0250,2.0
https://dblp.org/pid/180/0251,2.0
https://dblp.org/pid/180/0252,2.0
https://dblp.org/pid/180/0253,2.0
https://dblp.org/pid/180/0254,2.0
https://dblp.org/pid/180/0255,2.0
https://dblp.org/pid/180/0257,2.0
https://dblp.org/pid/180/0258,2.0
https://dblp.org/pid/180/0259,3.0
https://dblp.org/pid/180/0260,3.0
https://dblp.org/pid/180/0261,3.0
https://dblp.org/pid/180/0262,3.0
https://dblp.org/pid/180/0263,3.0
https://dblp.org/pid/180/0264,3.0
https://dblp.org/pid/180/0265,3.0
https://dblp.org/pid/180/0266,3.0
https://dblp.org/pid/180/0267,3.0
https://dblp.org/pid/180/0268,3.0
https://dblp.org/pid/180/0270,3.0
https://dblp.org/pid/180/0271,3.0
https://dblp.org/pid/180/0272,3.0
https://dblp.org/pid/180/0273,3.0
https://dblp.org/pid/180/0274,3.0
https://dblp.org/pid/180/0275,3.0
https://dblp.org/pid/180/0276-1,3.0
https://dblp.org/pid/180/0277,3.0
https://dblp.org/pid/180/0279,3.0
https://dblp.org/pid/180/0280,3.0
https://dblp.org/pid/180/0281,3.0
https://dblp.org/pid/180/0282,3.0
https://dblp.org/pid/180/0283,3.0
https://dblp.org/pid/180/0284,3.0
https://dblp.org/pid/180/0285,3.0
https://dblp.org/pid/180/0286,3.0
https://dblp.org/pid/180/0287,3.0
https://dblp.org/pid/180/0288,3.0
https://dblp.org/pid/180/0289,3.0
https://dblp.org/pid/180/0290,3.0
https://dblp.org/pid/180/0293,3.0
https://dblp.org/pid/180/0295,3.0
https://dblp.org/pid/180/0296,3.0
https://dblp.org/pid/180/0297,3.0
https://dblp.org/pid/180/0298,3.0
https://dblp.org/pid/180/0299,3.0
https://dblp.org/pid/180/0300,3.0
https://dblp.org/pid/180/0302,3.0
https://dblp.org/pid/180/0303,3.0
https://dblp.org/pid/180/0304,3.0
https://dblp.org/pid/180/0305,3.0
https://dblp.org/pid/180/0308,3.0
https://dblp.org/pid/180/0310,3.0
https://dblp.org/pid/180/0311,3.0
https://dblp.org/pid/180/0312,3.0
https://dblp.org/pid/180/0314,3.0
https://dblp.org/pid/180/0315,3.0
https://dblp.org/pid/180/0316,3.0
https://dblp.org/pid/180/0317,3.0
https://dblp.org/pid/180/0318,3.0
https://dblp.org/pid/180/0319,3.0
https://dblp.org/pid/180/0320,3.0
https://dblp.org/pid/180/0321,3.0
https://dblp.org/pid/180/0322,3.0
https://dblp.org/pid/180/0323,3.0
https://dblp.org/pid/180/0324,3.0
https://dblp.org/pid/180/0325,3.0
https://dblp.org/pid/180/0327,3.0
https://dblp.org/pid/180/0329,3.0
https://dblp.org/pid/180/0330,3.0
https://dblp.org/pid/180/0331,3.0
https://dblp.org/pid/180/0332,3.0
https://dblp.org/pid/180/0333,3.0
https://dblp.org/pid/180/0334,3.0
https://dblp.org/pid/180/0335,3.0
https://dblp.org/pid/180/0336,3.0
https://dblp.org/pid/180/0337,3.0
https://dblp.org/pid/180/0338,3.0
https://dblp.org/pid/180/0339,3.0
https://dblp.org/pid/180/0340,3.0
https://dblp.org/pid/180/0341,3.0
https://dblp.org/pid/180/0345,3.0
https://dblp.org/pid/180/0346,3.0
https://dblp.org/pid/180/0347,3.0
https://dblp.org/pid/180/0348,3.0
https://dblp.org/pid/180/0349,3.0
https://dblp.org/pid/180/0352,3.0
https://dblp.org/pid/180/0353,3.0
https://dblp.org/pid/180/0354,3.0
https://dblp.org/pid/180/0355,3.0
https://dblp.org/pid/180/0357,3.0
https://dblp.org/pid/180/0360,3.0
https://dblp.org/pid/180/0361,3.0
https://dblp.org/pid/180/0365,3.0
https://dblp.org/pid/180/0366,3.0
https://dblp.org/pid/180/0367,3.0
https://dblp.org/pid/180/0369,3.0
https://dblp.org/pid/180/0370,3.0
https://dblp.org/pid/180/0371,3.0
https://dblp.org/pid/180/0374,3.0
https://dblp.org/pid/180/0375,3.0
https://dblp.org/pid/180/0376,3.0
https://dblp.org/pid/180/0377,3.0
https://dblp.org/pid/180/0378,3.0
https://dblp.org/pid/180/0379,3.0
https://dblp.org/pid/180/0380,3.0
https://dblp.org/pid/180/0381,3.0
https://dblp.org/pid/180/0382,3.0
https://dblp.org/pid/180/0383,3.0
https://dblp.org/pid/180/0385,3.0
https://dblp.org/pid/180/0386,4.0
https://dblp.org/pid/180/0387,4.0
https://dblp.org/pid/180/0389,4.0
https://dblp.org/pid/180/0390,4.0
https://dblp.org/pid/180/0391,4.0
https://dblp.org/pid/180/0393,4.0
https://dblp.org/pid/180/0394,4.0
https://dblp.org/pid/180/0395,4.0
https://dblp.org/pid/180/0396,4.0
https://dblp.org/pid/180/0397,4.0
https://dblp.org/pid/180/0398,4.0
https://dblp.org/pid/180/0399,4.0
https://dblp.org/pid/180/0400,4.0
https://dblp.org/pid/180/0401,4.0
https://dblp.org/pid/180/0402,4.0
https://dblp.org/pid/180/0403,4.0
https://dblp.org/pid/180/0404,4.0
https://dblp.org/pid/180/0405,4.0
https://dblp.org/pid/180/0406,4.0
https://dblp.org/pid/180/0408,4.0
https://dblp.org/pid/180/0409,4.0
https://dblp.org/pid/180/0410,4.0
https://dblp.org/pid/180/0411,4.0
https://dblp.org/pid/180/0412,4.0
https://dblp.org/pid/180/0413,4.0
https://dblp.org/pid/180/0416,4.0
https://dblp.org/pid/180/0417,4.0
https://dblp.org/pid/180/0418,4.0
https://dblp.org/pid/180/0419,4.0
https://dblp.org/pid/180/0421,4.0
https://dblp.org/pid/180/0422,4.0
https://dblp.org/pid/180/0423,4.0
https://dblp.org/pid/180/0424,4.0
https://dblp.org/pid/180/0426,4.0
https://dblp.org/pid/180/0427,4.0
https://dblp.org/pid/180/0428,4.0
https://dblp.org/pid/180/0430,4.0
https://dblp.org/pid/180/0431,4.0
https://dblp.org/pid/180/0432,4.0
https://dblp.org/pid/180/0433,4.0
https://dblp.org/pid/180/0434,4.0
https://dblp.org/pid/180/0435,4.0
https://dblp.org/pid/180/0436,4.0
https://dblp.org/pid/180/0437,4.0
https://dblp.org/pid/180/0438,4.0
https://dblp.org/pid/180/0439,4.0
https://dblp.org/pid/180/0440,4.0
https://dblp.org/pid/180/0442,4.0
https://dblp.org/pid/180/0443,4.0
https://dblp.org/pid/180/0444,4.0
https://dblp.org/pid/180/0445,4.0
https://dblp.org/pid/180/0446,4.0
https://dblp.org/pid/180/0447,4.0
https://dblp.org/pid/180/0448,4.0
https://dblp.org/pid/180/0449,4.0
https://dblp.org/pid/180/0450,4.0
https://dblp.org/pid/180/0452,4.0
https://dblp.org/pid/180/0453,4.0
https://dblp.org/pid/180/0454,4.0
https://dblp.org/pid/180/0455,4.0
https://dblp.org/pid/180/0456,4.0
https://dblp.org/pid/180/0458,4.0
https://dblp.org/pid/180/0459,4.0
https://dblp.org/pid/180/0461,4.0
https://dblp.org/pid/180/0464,4.0
https://dblp.org/pid/180/0465,4.0
https://dblp.org/pid/180/0468,4.0
https://dblp.org/pid/180/0469,4.0
https://dblp.org/pid/180/0474,4.0
https://dblp.org/pid/180/0475,4.0
https://dblp.org/pid/180/0476,4.0
https://dblp.org/pid/180/0477,4.0
https://dblp.org/pid/180/0478,4.0
https://dblp.org/pid/180/0482,4.0
https://dblp.org/pid/180/0483,4.0
https://dblp.org/pid/180/0484,4.0
https://dblp.org/pid/180/0485,4.0
https://dblp.org/pid/180/0486,4.0
https://dblp.org/pid/180/0487,4.0
https://dblp.org/pid/180/0489,4.0
https://dblp.org/pid/180/0490,4.0
https://dblp.org/pid/180/0491,4.0
https://dblp.org/pid/180/0492,4.0
https://dblp.org/pid/180/0495,4.0
https://dblp.org/pid/180/0496,4.0
https://dblp.org/pid/180/0497,4.0
https://dblp.org/pid/180/0499,4.0
https://dblp.org/pid/180/0500,4.0
https://dblp.org/pid/180/0501,4.0
https://dblp.org/pid/180/0502,4.0
https://dblp.org/pid/180/0503,4.0
https://dblp.org/pid/180/0505,4.0
https://dblp.org/pid/180/0506,4.0
https://dblp.org/pid/180/0507,4.0
https://dblp.org/pid/180/0508,4.0
https://dblp.org/pid/180/0509,4.0
https://dblp.org/pid/180/0510,4.0
https://dblp.org/pid/180/0511,4.0
https://dblp.org/pid/180/0512,4.0
https://dblp.org/pid/180/0513,4.0
https://dblp.org/pid/180/0514,5.0
https://dblp.org/pid/180/0517,5.0
https://dblp.org/pid/180/0518,5.0
https://dblp.org/pid/180/0519,5.0
https://dblp.org/pid/180/0521,5.0
https://dblp.org/pid/180/0523,5.0
https://dblp.org/pid/180/0529,5.0
https://dblp.org/pid/180/0530,5.0
https://dblp.org/pid/180/0531,5.0
https://dblp.org/pid/180/0533,5.0
https://dblp.org/pid/180/0534,5.0
https://dblp.org/pid/180/0536,5.0
https://dblp.org/pid/180/0538,5.0
https://dblp.org/pid/180/0539,5.0
https://dblp.org/pid/180/0540,5.0
https://dblp.org/pid/180/0541,5.0
https://dblp.org/pid/180/0542,5.0
https://dblp.org/pid/180/0544,5.0
https://dblp.org/pid/180/0545,5.0
https://dblp.org/pid/180/0546,5.0
https://dblp.org/pid/180/0547,5.0
https://dblp.org/pid/180/0548,5.0
https://dblp.org/pid/180/0550,5.0
https://dblp.org/pid/180/0551,5.0
https://dblp.org/pid/180/0553,5.0
https://dblp.org/pid/180/0555,5.0
https://dblp.org/pid/180/0556,5.0
https://dblp.org/pid/180/0558,5.0
https://dblp.org/pid/180/0559,5.0
https://dblp.org/pid/180/0561,5.0
https://dblp.org/pid/180/0562,5.0
https://dblp.org/pid/180/0563,5.0
https://dblp.org/pid/180/0564,5.0
https://dblp.org/pid/180/0565,5.0
https://dblp.org/pid/180/0568,5.0
https://dblp.org/pid/180/0569,5.0
https://dblp.org/pid/180/0570,5.0
https://dblp.org/pid/180/0571,5.0
https://dblp.org/pid/180/0572,5.0
https://dblp.org/pid/180/0573,5.0
https://dblp.org/pid/180/0574,5.0
https://dblp.org/pid/180/0575,5.0
https://dblp.org/pid/180/0576,5.0
https://dblp.org/pid/180/0577,5.0
https://dblp.org/pid/180/0578,5.0
https://dblp.org/pid/180/0581,5.0
https://dblp.org/pid/180/0582,5.0
https://dblp.org/pid/180/0583,5.0
https://dblp.org/pid/180/0584,5.0
https://dblp.org/pid/180/0588,5.0
https://dblp.org/pid/180/0589,5.0
https://dblp.org/pid/180/0590,5.0
https://dblp.org/pid/180/0591,5.0
https://dblp.org/pid/180/0593,5.0
https://dblp.org/pid/180/0594,5.0
https://dblp.org/pid/180/0595,5.0
https://dblp.org/pid/180/0596,5.0
https://dblp.org/pid/180/0597,5.0
https://dblp.org/pid/180/0598,5.0
https://dblp.org/pid/180/0599,5.0
https://dblp.org/pid/180/0603,5.0
https://dblp.org/pid/180/0605,5.0
https://dblp.org/pid/180/0606,5.0
https://dblp.org/pid/180/0607,5.0
https://dblp.org/pid/180/0608,5.0
https://dblp.org/pid/180/0609,5.0
https://dblp.org/pid/180/0611,5.0
https://dblp.org/pid/180/0615,5.0
https://dblp.org/pid/180/0616,5.0
https://dblp.org/pid/180/0617,5.0
https://dblp.org/pid/180/0618,5.0
https://dblp.org/pid/180/0619,5.0
https://dblp.org/pid/180/0621,5.0
https://dblp.org/pid/180/0623,5.0
https://dblp.org/pid/180/0624,5.0
https://dblp.org/pid/180/0626,5.0
https://dblp.org/pid/180/0627,5.0
https://dblp.org/pid/180/0628,5.0
https://dblp.org/pid/180/0630,5.0
https://dblp.org/pid/180/0632,5.0
https://dblp.org/pid/180/0633,5.0
https://dblp.org/pid/180/0634,5.0
https://dblp.org/pid/180/0635,5.0
https://dblp.org/pid/180/0636,5.0
https://dblp.org/pid/180/0638,5.0
https://dblp.org/pid/180/0640,5.0
https://dblp.org/pid/180/0641,5.0
https://dblp.org/pid/180/0642,5.0
https://dblp.org/pid/180/0643,5.0
https://dblp.org/pid/180/0647,5.0
https://dblp.org/pid/180/0649,5.0
https://dblp.org/pid/180/0651,5.0
https://dblp.org/pid/180/0652,5.0
https://dblp.org/pid/180/0654,5.0
https://dblp.org/pid/180/0655,5.0
https://dblp.org/pid/180/0656,5.0
https://dblp.org/pid/180/0657,5.0
https://dblp.org/pid/180/0658,5.0
https://dblp.org/pid/180/0659,5.0
https://dblp.org/pid/180/0661,5.0
https://dblp.org/pid/180/0662,6.0
https://dblp.org/pid/180/0663,6.0
https://dblp.org/pid/180/0665,6.0
https://dblp.org/pid/180/0666,6.0
https://dblp.org/pid/180/0669,6.0
https://dblp.org/pid/180/0671,6.0
https://dblp.org/pid/180/0672,6.0
https://dblp.org/pid/180/0673,6.0
https://dblp.org/pid/180/0674,6.0
https://dblp.org/pid/180/0676,6.0
https://dblp.org/pid/180/0678,6.0
https://dblp.org/pid/180/0679,6.0
https://dblp.org/pid/180/0680,6.0
https://dblp.org/pid/180/0681,6.0
https://dblp.org/pid/180/0682,6.0
https://dblp.org/pid/180/0684,6.0
https://dblp.org/pid/180/0685,6.0
https://dblp.org/pid/180/0687,6.0
https://dblp.org/pid/180/0688,6.0
https://dblp.org/pid/180/0689,6.0
https://dblp.org/pid/180/0691,6.0
https://dblp.org/pid/180/0694,6.0
https://dblp.org/pid/180/0695,6.0
https://dblp.org/pid/180/0696,6.0
https://dblp.org/pid/180/0698,6.0
https://dblp.org/pid/180/0699,6.0
https://dblp.org/pid/180/0700,6.0
https://dblp.org/pid/180/0701,6.0
https://dblp.org/pid/180/0704,6.0
https://dblp.org/pid/180/0705,6.0
https://dblp.org/pid/180/0706,6.0
https://dblp.org/pid/180/0707,6.0
https://dblp.org/pid/180/0708,6.0
https://dblp.org/pid/180/0709,6.0
https://dblp.org/pid/180/0712,6.0
https://dblp.org/pid/180/0713,6.0
https://dblp.org/pid/180/0714,6.0
https://dblp.org/pid/180/0715,6.0
https://dblp.org/pid/180/0716,6.0
https://dblp.org/pid/180/0717,6.0
https://dblp.org/pid/180/0720,6.0
https://dblp.org/pid/180/0721,6.0
https://dblp.org/pid/180/0722,6.0
https://dblp.org/pid/180/0723,6.0
https://dblp.org/pid/180/0724,6.0
https://dblp.org/pid/180/0725,6.0
https://dblp.org/pid/180/0726,6.0
https://dblp.org/pid/180/0732,6.0
https://dblp.org/pid/180/0733,6.0
https://dblp.org/pid/180/0735,6.0
https://dblp.org/pid/180/0737,6.0
https://dblp.org/pid/180/0738,6.0
https://dblp.org/pid/180/0739,6.0
https://dblp.org/pid/180/0742,6.0
https://dblp.org/pid/180/0743,6.0
https://dblp.org/pid/180/0744,6.0
https://dblp.org/pid/180/0745,6.0
https://dblp.org/pid/180/0748,6.0
https://dblp.org/pid/180/0749,6.0
https://dblp.org/pid/180/0750,6.0
https://dblp.org/pid/180/0751,6.0
https://dblp.org/pid/180/0754,6.0
https://dblp.org/pid/180/0755,6.0
https://dblp.org/pid/180/0756,6.0
https://dblp.org/pid/180/0757,6.0
https://dblp.org/pid/180/0758,6.0
https://dblp.org/pid/180/0759,6.0
https://dblp.org/pid/180/0760,6.0
https://dblp.org/pid/180/0761,6.0
https://dblp.org/pid/180/0762,6.0
https://dblp.org/pid/180/0763,6.0
https://dblp.org/pid/180/0765,6.0
https://dblp.org/pid/180/0767,6.0
https://dblp.org/pid/180/0768,6.0
https://dblp.org/pid/180/0769,6.0
https://dblp.org/pid/180/0770,6.0
https://dblp.org/pid/180/0771,6.0
https://dblp.org/pid/180/0772,6.0
https://dblp.org/pid/180/0773,6.0
https://dblp.org/pid/180/0774,6.0
https://dblp.org/pid/180/0775,6.0
https://dblp.org/pid/180/0776,6.0
https://dblp.org/pid/180/0778,6.0
https://dblp.org/pid/180/0779,6.0
https://dblp.org/pid/180/0781,6.0
https://dblp.org/pid/180/0782,6.0
https://dblp.org/pid/180/0784,6.0
https://dblp.org/pid/180/0785,6.0
https://dblp.org/pid/180/0786,6.0
https://dblp.org/pid/180/0788,6.0
https://dblp.org/pid/180/0789,6.0
https://dblp.org/pid/180/0790,6.0
https://dblp.org/pid/180/0791,6.0
https://dblp.org/pid/180/0792,6.0
https://dblp.org/pid/180/0793,6.0
https://dblp.org/pid/180/0794,6.0
https://dblp.org/pid/180/0795,6.0
https://dblp.org/pid/180/0798,6.0
https://dblp.org/pid/180/0800,6.0
https://dblp.org/pid/180/0801,6.0
https://dblp.org/pid/180/0802,7.0
https://dblp.org/pid/180/0803,7.0
https://dblp.org/pid/180/0806,7.0
https://dblp.org/pid/180/0807,7.0
https://dblp.org/pid/180/0808,7.0
https://dblp.org/pid/180/0809,7.0
https://dblp.org/pid/180/0810,7.0
https://dblp.org/pid/180/0811,7.0
https://dblp.org/pid/180/0812,7.0
https://dblp.org/pid/180/0813,7.0
https://dblp.org/pid/180/0815,7.0
https://dblp.org/pid/180/0816,7.0
https://dblp.org/pid/180/0817,7.0
https://dblp.org/pid/180/0818,7.0
https://dblp.org/pid/180/0819,7.0
https://dblp.org/pid/180/0820,7.0
https://dblp.org/pid/180/0821,7.0
https://dblp.org/pid/180/0822,7.0
https://dblp.org/pid/180/0823,7.0
https://dblp.org/pid/180/0824,7.0
https://dblp.org/pid/180/0825,7.0
https://dblp.org/pid/180/0827,7.0
https://dblp.org/pid/180/0828,7.0
https://dblp.org/pid/180/0830,7.0
https://dblp.org/pid/180/0832,7.0
https://dblp.org/pid/180/0833,7.0
https://dblp.org/pid/180/0834,7.0
https://dblp.org/pid/180/0835,7.0
https://dblp.org/pid/180/0836,7.0
https://dblp.org/pid/180/0837,7.0
https://dblp.org/pid/180/0838,7.0
https://dblp.org/pid/180/0839,7.0
https://dblp.org/pid/180/0840,7.0
https://dblp.org/pid/180/0841,7.0
https://dblp.org/pid/180/0843,7.0
https://dblp.org/pid/180/0844,7.0
https://dblp.org/pid/180/0845,7.0
https://dblp.org/pid/180/0846,7.0
https://dblp.org/pid/180/0847,7.0
https://dblp.org/pid/180/0848,7.0
https://dblp.org/pid/180/0849,7.0
https://dblp.org/pid/180/0850,7.0
https://dblp.org/pid/180/0851,7.0
https://dblp.org/pid/180/0852,7.0
https://dblp.org/pid/180/0854,7.0
https://dblp.org/pid/180/0856,7.0
https://dblp.org/pid/180/0857,7.0
https://dblp.org/pid/180/0858,7.0
https://dblp.org/pid/180/0860,7.0
https://dblp.org/pid/180/0861,7.0
https://dblp.org/pid/180/0862,7.0
https://dblp.org/pid/180/0863,7.0
https://dblp.org/pid/180/0864,7.0
https://dblp.org/pid/180/0866,7.0
https://dblp.org/pid/180/0868,7.0
https://dblp.org/pid/180/0869,7.0
https://dblp.org/pid/180/0870,7.0
https://dblp.org/pid/180/0871,7.0
https://dblp.org/pid/180/0874,7.0
https://dblp.org/pid/180/0875,7.0
https://dblp.org/pid/180/0876,7.0
https://dblp.org/pid/180/0878,7.0
https://dblp.org/pid/180/0879,7.0
https://dblp.org/pid/180/0880,7.0
https://dblp.org/pid/180/0881,7.0
https://dblp.org/pid/180/0882,7.0
https://dblp.org/pid/180/0883,7.0
https://dblp.org/pid/180/0886,7.0
https://dblp.org/pid/180/0887,7.0
https://dblp.org/pid/180/0888,7.0
https://dblp.org/pid/180/0890,7.0
https://dblp.org/pid/180/0891,7.0
https://dblp.org/pid/180/0892,7.0
https://dblp.org/pid/180/0893,7.0
https://dblp.org/pid/180/0895,7.0
https://dblp.org/pid/180/0896,7.0
https://dblp.org/pid/180/0898,7.0
https://dblp.org/pid/180/0899,7.0
https://dblp.org/pid/180/0900,7.0
https://dblp.org/pid/180/0902,7.0
https://dblp.org/pid/180/0904,7.0
https://dblp.org/pid/180/0905,7.0
https://dblp.org/pid/180/0906,7.0
https://dblp.org/pid/180/0909,7.0
https://dblp.org/pid/180/0910,7.0
https://dblp.org/pid/180/0911,7.0
https://dblp.org/pid/180/0912,7.0
https://dblp.org/pid/180/0914,7.0
https://dblp.org/pid/180/0915,7.0
https://dblp.org/pid/180/0917,7.0
https://dblp.org/pid/180/0920,7.0
https://dblp.org/pid/180/0921,7.0
https://dblp.org/pid/180/0922,7.0
https://dblp.org/pid/180/0924,7.0
https://dblp.org/pid/180/0925,7.0
https://dblp.org/pid/180/0926,7.0
https://dblp.org/pid/180/0927,7.0
https://dblp.org/pid/180/0928,7.0
https://dblp.org/pid/180/0929,7.0
https://dblp.org/pid/180/0932,7.0
https://dblp.org/pid/180/0934,8.0
https://dblp.org/pid/180/0935,8.0
https://dblp.org/pid/180/0936,8.0
https://dblp.org/pid/180/0937,8.0
https://dblp.org/pid/180/0938,8.0
https://dblp.org/pid/180/0939,8.0
https://dblp.org/pid/180/0940,8.0
https://dblp.org/pid/180/0941,8.0
https://dblp.org/pid/180/0942,8.0
https://dblp.org/pid/180/0943,8.0
https://dblp.org/pid/180/0944,8.0
https://dblp.org/pid/180/0945,8.0
https://dblp.org/pid/180/0947,8.0
https://dblp.org/pid/180/0948,8.0
https://dblp.org/pid/180/0952,8.0
https://dblp.org/pid/180/0954,8.0
https://dblp.org/pid/180/0955,8.0
https://dblp.org/pid/180/0956,8.0
https://dblp.org/pid/180/0957,8.0
https://dblp.org/pid/180/0958,8.0
https://dblp.org/pid/180/0959,8.0
https://dblp.org/pid/180/0960,8.0
https://dblp.org/pid/180/0962,8.0
https://dblp.org/pid/180/0963,8.0
https://dblp.org/pid/180/0964,8.0
https://dblp.org/pid/180/0965,8.0
https://dblp.org/pid/180/0966,8.0
https://dblp.org/pid/180/0967,8.0
https://dblp.org/pid/180/0969,8.0
https://dblp.org/pid/180/0970,8.0
https://dblp.org/pid/180/0971,8.0
https://dblp.org/pid/180/0972,8.0
https://dblp.org/pid/180/0973,8.0
https://dblp.org/pid/180/0975,8.0
https://dblp.org/pid/180/0979,8.0
https://dblp.org/pid/180/0980,8.0
https://dblp.org/pid/180/0981,8.0
https://dblp.org/pid/180/0983,8.0
https://dblp.org/pid/180/0985,8.0
https://dblp.org/pid/180/0986,8.0
https://dblp.org/pid/180/0987,8.0
https://dblp.org/pid/180/0990,8.0
https://dblp.org/pid/180/0992,8.0
https://dblp.org/pid/180/0993,8.0
https://dblp.org/pid/180/0994,8.0
https://dblp.org/pid/180/0995,8.0
https://dblp.org/pid/180/0997,8.0
https://dblp.org/pid/180/0998,8.0
https://dblp.org/pid/180/0999,8.0
https://dblp.org/pid/180/1001,8.0
https://dblp.org/pid/180/1002,8.0
https://dblp.org/pid/180/1003,8.0
https://dblp.org/pid/180/1004,8.0
https://dblp.org/pid/180/1005,8.0
https://dblp.org/pid/180/1006,8.0
https://dblp.org/pid/180/1007,8.0
https://dblp.org/pid/180/1009,8.0
https://dblp.org/pid/180/1010,8.0
https://dblp.org/pid/180/1011,8.0
https://dblp.org/pid/180/1012,8.0
https://dblp.org/pid/180/1014,8.0
https://dblp.org/pid/180/1015,8.0
https://dblp.org/pid/180/1016,8.0
https://dblp.org/pid/180/1017,8.0
https://dblp.org/pid/180/1019,8.0
https://dblp.org/pid/180/1020,8.0
https://dblp.org/pid/180/1021,8.0
https://dblp.org/pid/180/1023,8.0
https://dblp.org/pid/180/1026,8.0
https://dblp.org/pid/180/1027,8.0
https://dblp.org/pid/180/1033,8.0
https://dblp.org/pid/180/1034,8.0
https://dblp.org/pid/180/1035,8.0
https://dblp.org/pid/180/1038,8.0
https://dblp.org/pid/180/1040,8.0
https://dblp.org/pid/180/1041,8.0
https://dblp.org/pid/180/1046,8.0
https://dblp.org/pid/180/1049,8.0
https://dblp.org/pid/180/1050,8.0
https://dblp.org/pid/180/1052,8.0
https://dblp.org/pid/180/1057,8.0
https://dblp.org/pid/180/1058,8.0
https://dblp.org/pid/180/1061,8.0
https://dblp.org/pid/180/1062,8.0
https://dblp.org/pid/180/1064,8.0
https://dblp.org/pid/180/1065,8.0
https://dblp.org/pid/180/1069,8.0
https://dblp.org/pid/180/1071,8.0
https://dblp.org/pid/180/1072,8.0
https://dblp.org/pid/180/1075,8.0
https://dblp.org/pid/180/1077,8.0
https://dblp.org/pid/180/1080,8.0
https://dblp.org/pid/180/1082,8.0
https://dblp.org/pid/180/1085,8.0
https://dblp.org/pid/180/1087,8.0
https://dblp.org/pid/180/1088,8.0
https://dblp.org/pid/180/1089,8.0
https://dblp.org/pid/180/1096,8.0
https://dblp.org/pid/180/1097,8.0
https://dblp.org/pid/180/1098,8.0
https://dblp.org/pid/180/1102,9.0
https://dblp.org/pid/180/1103,9.0
https://dblp.org/pid/180/1105,9.0
https://dblp.org/pid/180/1106,9.0
https://dblp.org/pid/180/1107,9.0
https://dblp.org/pid/180/1109,9.0
https://dblp.org/pid/180/1110,9.0
https://dblp.org/pid/180/1111,9.0
https://dblp.org/pid/180/1113,9.0
https://dblp.org/pid/180/1114,9.0
https://dblp.org/pid/180/1115,9.0
https://dblp.org/pid/180/1116,9.0
https://dblp.org/pid/180/1118,9.0
https://dblp.org/pid/180/1120,9.0
https://dblp.org/pid/180/1125,9.0
https://dblp.org/pid/180/1126,9.0
https://dblp.org/pid/180/1127,9.0
https://dblp.org/pid/180/1129,9.0
https://dblp.org/pid/180/1130,9.0
https://dblp.org/pid/180/1131,9.0
https://dblp.org/pid/180/1132,9.0
https://dblp.org/pid/180/1134,9.0
https://dblp.org/pid/180/1136,9.0
https://dblp.org/pid/180/1137,9.0
https://dblp.org/pid/180/1138,9.0
https://dblp.org/pid/180/1139,9.0
https://dblp.org/pid/180/1140,9.0
https://dblp.org/pid/180/1141,9.0
https://dblp.org/pid/180/1142,9.0
https://dblp.org/pid/180/1145,9.0
https://dblp.org/pid/180/1146,9.0
https://dblp.org/pid/180/1147,9.0
https://dblp.org/pid/180/1148,9.0
https://dblp.org/pid/180/1150,9.0
https://dblp.org/pid/180/1151,9.0
https://dblp.org/pid/180/1152,9.0
https://dblp.org/pid/180/1153,9.0
https://dblp.org/pid/180/1154,9.0
https://dblp.org/pid/180/1156,9.0
https://dblp.org/pid/180/1157,9.0
https://dblp.org/pid/180/1158,9.0
https://dblp.org/pid/180/1159,9.0
https://dblp.org/pid/180/1160,9.0
https://dblp.org/pid/180/1161,9.0
https://dblp.org/pid/180/1163,9.0
https://dblp.org/pid/180/1164,9.0
https://dblp.org/pid/180/1165,9.0
https://dblp.org/pid/180/1171,9.0
https://dblp.org/pid/180/1172,9.0
https://dblp.org/pid/180/1173,9.0
https://dblp.org/pid/180/1174,9.0
https://dblp.org/pid/180/1175,9.0
https://dblp.org/pid/180/1177,9.0
https://dblp.org/pid/180/1178,9.0
https://dblp.org/pid/180/1179,9.0
https://dblp.org/pid/180/1180,9.0
https://dblp.org/pid/180/1181,9.0
https://dblp.org/pid/180/1183,9.0
https://dblp.org/pid/180/1184,9.0
https://dblp.org/pid/180/1185,9.0
https://dblp.org/pid/180/1186,9.0
https://dblp.org/pid/180/1188,9.0
https://dblp.org/pid/180/1189,9.0
https://dblp.org/pid/180/1190,9.0
https://dblp.org/pid/180/1192,9.0
https://dblp.org/pid/180/1194,9.0
https://dblp.org/pid/180/1196,9.0
https://dblp.org/pid/180/1197,9.0
https://dblp.org/pid/180/1198,9.0
https://dblp.org/pid/180/1199,9.0
https://dblp.org/pid/180/1200,9.0
https://dblp.org/pid/180/1201,9.0
https://dblp.org/pid/180/1202,9.0
https://dblp.org/pid/180/1203,9.0
https://dblp.org/pid/180/1204,9.0
https://dblp.org/pid/180/1206,9.0
https://dblp.org/pid/180/1207,9.0
https://dblp.org/pid/180/1208,9.0
https://dblp.org/pid/180/1214,9.0
https://dblp.org/pid/180/1216,9.0
https://dblp.org/pid/180/1217,9.0
https://dblp.org/pid/180/1218,9.0
https://dblp.org/pid/180/1219,9.0
https://dblp.org/pid/180/1220,9.0
https://dblp.org/pid/180/1222,9.0
https://dblp.org/pid/180/1223,9.0
https://dblp.org/pid/180/1225,9.0
https://dblp.org/pid/180/1226,9.0
https://dblp.org/pid/180/1229,9.0
https://dblp.org/pid/180/1231,9.0
https://dblp.org/pid/180/1232,9.0
https://dblp.org/pid/180/1233,9.0
https://dblp.org/pid/180/1234,9.0
https://dblp.org/pid/180/1236,9.0
https://dblp.org/pid/180/1239,9.0
https://dblp.org/pid/180/1242,9.0
https://dblp.org/pid/180/1244,9.0
https://dblp.org/pid/180/1245,9.0
https://dblp.org/pid/180/1246,9.0
https://dblp.org/pid/180/1249,9.0
https://dblp.org/pid/180/1253,10.0
https://dblp.org/pid/180/1254,10.0
https://dblp.org/pid/180/1255,10.0
https://dblp.org/pid/180/1256,10.0
https://dblp.org/pid/180/1257,10.0
https://dblp.org/pid/180/1259,10.0
https://dblp.org/pid/180/1260,10.0
https://dblp.org/pid/180/1261,10.0
https://dblp.org/pid/180/1262,10.0
https://dblp.org/pid/180/1263,10.0
https://dblp.org/pid/180/1264,10.0
https://dblp.org/pid/180/1265,10.0
https://dblp.org/pid/180/1266,10.0
https://dblp.org/pid/180/1267,10.0
https://dblp.org/pid/180/1270,10.0
https://dblp.org/pid/180/1271,10.0
https://dblp.org/pid/180/1272,10.0
https://dblp.org/pid/180/1273,10.0
https://dblp.org/pid/180/1275,10.0
https://dblp.org/pid/180/1276,10.0
https://dblp.org/pid/180/1277,10.0
https://dblp.org/pid/180/1278,10.0
https://dblp.org/pid/180/1280,10.0
https://dblp.org/pid/180/1281,10.0
https://dblp.org/pid/180/1282,10.0
https://dblp.org/pid/180/1283,10.0
https://dblp.org/pid/180/1284,10.0
https://dblp.org/pid/180/1286,10.0
https://dblp.org/pid/180/1287,10.0
https://dblp.org/pid/180/1289,10.0
https://dblp.org/pid/180/1290,10.0
https://dblp.org/pid/180/1291,10.0
https://dblp.org/pid/180/1293,10.0
https://dblp.org/pid/180/1294,10.0
https://dblp.org/pid/180/1295,10.0
https://dblp.org/pid/180/1296,10.0
https://dblp.org/pid/180/1297,10.0
https://dblp.org/pid/180/1298,10.0
https://dblp.org/pid/180/1301,10.0
https://dblp.org/pid/180/1304,10.0
https://dblp.org/pid/180/1305,10.0
https://dblp.org/pid/180/1306,10.0
https://dblp.org/pid/180/1308,10.0
https://dblp.org/pid/180/1309,10.0
https://dblp.org/pid/180/1310,10.0
https://dblp.org/pid/180/1311,10.0
https://dblp.org/pid/180/1313,10.0
https://dblp.org/pid/180/1314,10.0
https://dblp.org/pid/180/1316,10.0
https://dblp.org/pid/180/1317,10.0
https://dblp.org/pid/180/1318,10.0
https://dblp.org/pid/180/1319,10.0
https://dblp.org/pid/180/1322,10.0
https://dblp.org/pid/180/1324,10.0
https://dblp.org/pid/180/1325,10.0
https://dblp.org/pid/180/1326,10.0
https://dblp.org/pid/180/1327,10.0
https://dblp.org/pid/180/1328,10.0
https://dblp.org/pid/180/1329,10.0
https://dblp.org/pid/180/1331,10.0
https://dblp.org/pid/180/1332,10.0
https://dblp.org/pid/180/1335,10.0
https://dblp.org/pid/180/1336,10.0
https://dblp.org/pid/180/1337,10.0
https://dblp.org/pid/180/1339,10.0
https://dblp.org/pid/180/1340,10.0
https://dblp.org/pid/180/1341,10.0
https://dblp.org/pid/180/1342,10.0
https://dblp.org/pid/180/1343,10.0
https://dblp.org/pid/180/1344,10.0
https://dblp.org/pid/180/1345,10.0
https://dblp.org/pid/180/1346,10.0
https://dblp.org/pid/180/1347,10.0
https://dblp.org/pid/180/1348,10.0
https://dblp.org/pid/180/1349,10.0
https://dblp.org/pid/180/1351,10.0
https://dblp.org/pid/180/1352,10.0
https://dblp.org/pid/180/1353,10.0
https://dblp.org/pid/180/1354,10.0
https://dblp.org/pid/180/1355,10.0
https://dblp.org/pid/180/1356,10.0
https://dblp.org/pid/180/1357,10.0
https://dblp.org/pid/180/1358,10.0
https://dblp.org/pid/180/1360,10.0
https://dblp.org/pid/180/1361,10.0
https://dblp.org/pid/180/1363,10.0
https://dblp.org/pid/180/1364,10.0
https://dblp.org/pid/180/1366,10.0
https://dblp.org/pid/180/1367,10.0
https://dblp.org/pid/180/1368,10.0
https://dblp.org/pid/180/1369,10.0
https://dblp.org/pid/180/1370,10.0
https://dblp.org/pid/180/1373,10.0
https://dblp.org/pid/180/1374,10.0
https://dblp.org/pid/180/1377,10.0
https://dblp.org/pid/180/1380,10.0
https://dblp.org/pid/180/1382,10.0
https://dblp.org/pid/180/1383,10.0
https://dblp.org/pid/180/1385,10.0
https://dblp.org/pid/180/1386,10.0
