paper,title,venue
https://dblp.org/rec/conf/approx/1998,"Approximation Algorithms for Combinatorial Optimization, International Workshop APPROX'98, Aalborg, Denmark, July 18-19, 1998, Proceedings",
https://dblp.org/rec/conf/approx/2000,"Approximation Algorithms for Combinatorial Optimization, Third International Workshop, APPROX 2000, Saarbr√ºcken, Germany, September 5-8, 2000, Proceedings",
https://dblp.org/rec/conf/approx/2002,"Approximation Algorithms for Combinatorial Optimization, 5th International Workshop, APPROX 2002, Rome, Italy, September 17-21, 2002, Proceedings",
https://dblp.org/rec/conf/approx/2004,"Approximation, Randomization, and Combinatorial Optimization, Algorithms and Techniques, 7th International Workshop on Approximation Algorithms for Combinatorial Optimization Problems, APPROX 2004, and 8th International Workshop on Randomization and Computation, RANDOM 2004, Cambridge, MA, USA, August 22-24, 2004, Proceedings",
https://dblp.org/rec/conf/approx/2005,"Approximation, Randomization and Combinatorial Optimization, Algorithms and Techniques, 8th International Workshop on Approximation Algorithms for Combinatorial Optimization Problems, APPROX 2005 and 9th InternationalWorkshop on Randomization and Computation, RANDOM 2005, Berkeley, CA, USA, August 22-24, 2005, Proceedings",
https://dblp.org/rec/conf/approx/2006,"Approximation, Randomization, and Combinatorial Optimization. Algorithms and Techniques, 9th International Workshop on Approximation Algorithms for Combinatorial Optimization Problems, APPROX 2006 and 10th International Workshop on Randomization and Computation, RANDOM 2006, Barcelona, Spain, August 28-30 2006, Proceedings",
https://dblp.org/rec/conf/approx/2007,"Approximation, Randomization, and Combinatorial Optimization. Algorithms and Techniques, 10th International Workshop, APPROX 2007, and 11th International Workshop, RANDOM 2007, Princeton, NJ, USA, August 20-22, 2007, Proceedings",
https://dblp.org/rec/conf/approx/2008,"Approximation, Randomization and Combinatorial Optimization. Algorithms and Techniques, 11th International Workshop, APPROX 2008, and 12th International Workshop, RANDOM 2008, Boston, MA, USA, August 25-27, 2008. Proceedings",
https://dblp.org/rec/conf/approx/2009,"Approximation, Randomization, and Combinatorial Optimization. Algorithms and Techniques, 12th International Workshop, APPROX 2009, and 13th International Workshop, RANDOM 2009, Berkeley, CA, USA, August 21-23, 2009. Proceedings",
https://dblp.org/rec/conf/approx/2010,"Approximation, Randomization, and Combinatorial Optimization. Algorithms and Techniques, 13th International Workshop, APPROX 2010, and 14th International Workshop, RANDOM 2010, Barcelona, Spain, September 1-3, 2010. Proceedings",
